Email No.,Predicted,Spam Probability
Email 1,0,0.03811314170218542
Email 2,0,6.49023023247941e-150
Email 3,0,1.6429670319632335e-17
Email 4,0,2.1272564444376476e-122
Email 5,0,1.300971602363186e-136
Email 6,1,1.0
Email 7,0,2.1307767967225082e-50
Email 8,1,1.0
Email 9,0,1.4705581196606547e-26
Email 10,0,2.803604470790285e-106
Email 11,0,1.217212915711703e-128
Email 12,0,3.16572532582036e-191
Email 13,0,7.390988358430105e-83
Email 14,0,6.330767006553711e-90
Email 15,0,4.008856362800816e-79
Email 16,0,1.8559671571846014e-36
Email 17,0,0.0014503983525611798
Email 18,1,1.0
Email 19,0,7.403568905776455e-34
Email 20,0,4.532073104866371e-102
Email 21,0,6.93676094516761e-26
Email 22,0,6.14858680494583e-54
Email 23,0,2.3465364877597757e-135
Email 24,0,1.2880834524900033e-21
Email 25,0,4.891373703551482e-26
Email 26,1,1.0
Email 27,0,4.825899806634812e-81
Email 28,0,8.521917016613105e-33
Email 29,0,1.1652058068480037e-90
Email 30,0,2.0530028813060323e-133
Email 31,0,1.001038672760688e-15
Email 32,1,0.9999999990750439
Email 33,0,0.0
Email 34,0,3.180505165207252e-113
Email 35,0,3.535772539662336e-66
Email 36,0,5.411051075807915e-42
Email 37,0,2.901663553515147e-86
Email 38,0,2.746245291946576e-49
Email 39,0,6.942990225483818e-24
Email 40,1,1.0
Email 41,1,1.0
Email 42,0,2.481224446516849e-65
Email 43,0,6.163097513663953e-24
Email 44,0,1.0496267412309686e-139
Email 45,0,2.5683270596220904e-45
Email 46,1,1.0
Email 47,0,2.2555134354648587e-59
Email 48,0,4.001088636396708e-136
Email 49,0,6.157413334395807e-59
Email 50,0,1.3786897610826294e-77
Email 51,0,1.1087323041041234e-20
Email 52,1,1.0
Email 53,0,3.192567123691173e-17
Email 54,1,1.0
Email 55,0,2.3032724282600295e-306
Email 56,0,3.611399340537358e-51
Email 57,0,1.4933235668494595e-46
Email 58,1,0.9999990430842476
Email 59,0,1.3242723926480319e-45
Email 60,0,4.6929094051583264e-05
Email 61,1,1.0
Email 62,1,1.0
Email 63,0,2.380897856937445e-101
Email 64,0,5.91197714379501e-46
Email 65,1,1.0
Email 66,0,5.817963801357763e-54
Email 67,0,7.778597631896403e-28
Email 68,0,7.1574732294104365e-121
Email 69,1,1.0
Email 70,0,1.9453765782841864e-186
Email 71,0,6.704346513441638e-06
Email 72,1,1.0
Email 73,1,1.0
Email 74,0,4.978501396649161e-16
Email 75,1,0.9999978414621742
Email 76,0,5.2173591853848024e-54
Email 77,0,1.934473845482524e-34
Email 78,0,3.64371567024018e-44
Email 79,0,8.645835067177963e-22
Email 80,1,1.0
Email 81,0,4.7730636528415423e-20
Email 82,1,0.9994198637802596
Email 83,0,8.217044036701164e-14
Email 84,1,1.0
Email 85,0,4.138575378405016e-36
Email 86,0,2.949493302670135e-73
Email 87,0,1.469996206377301e-16
Email 88,0,0.09517537953829634
Email 89,0,8.197024445862484e-26
Email 90,0,6.646076870695969e-35
Email 91,0,3.87199372384049e-08
Email 92,0,2.989844090496037e-44
Email 93,1,1.0
Email 94,1,1.0
Email 95,0,4.302948916403179e-116
Email 96,0,2.9725869822426492e-210
Email 97,0,3.209968203803065e-87
Email 98,0,1.5919878953653233e-17
Email 99,0,2.198814368441882e-25
Email 100,1,1.0
Email 101,0,4.618153753192192e-17
Email 102,1,1.0
Email 103,1,1.0
Email 104,0,0.16391268527919417
Email 105,1,1.0
Email 106,0,9.21671786201836e-22
Email 107,0,8.702993974925626e-19
Email 108,1,1.0
Email 109,0,4.8587565655135527e-91
Email 110,1,1.0
Email 111,0,9.085330270282501e-11
Email 112,0,2.11404389226671e-218
Email 113,0,4.8965878907029916e-24
Email 114,0,1.1055929778400327e-158
Email 115,0,5.773044538109728e-19
Email 116,1,1.0
Email 117,0,8.267063392314736e-19
Email 118,0,9.183959030938679e-43
Email 119,0,7.399469140194145e-146
Email 120,0,1.516433803759129e-08
Email 121,0,1.3432625622640902e-53
Email 122,1,1.0
Email 123,0,3.6360906169856157e-22
Email 124,0,1.5217394079664878e-16
Email 125,0,1.8821553335308174e-34
Email 126,0,9.020903526315517e-10
Email 127,0,3.070235659257113e-54
Email 128,0,3.109052618420488e-43
Email 129,0,3.14906502069336e-28
Email 130,0,0.1312537585009112
Email 131,1,0.9999922415159673
Email 132,0,1.0134202784302292e-52
Email 133,0,3.3811547636118745e-10
Email 134,1,1.0
Email 135,1,1.0
Email 136,0,2.0751972409382177e-12
Email 137,0,5.498041839369461e-18
Email 138,0,1.9038117178606508e-54
Email 139,0,4.740948148853569e-53
Email 140,0,5.7612983064989436e-52
Email 141,0,1.1138471030571427e-260
Email 142,0,8.984779694682534e-140
Email 143,0,9.368901672753343e-106
Email 144,0,2.2272685388082835e-199
Email 145,0,0.00014388961668061544
Email 146,1,0.9999999997403393
Email 147,1,1.0
Email 148,0,2.557214043010798e-24
Email 149,1,1.0
Email 150,1,1.0
Email 151,0,8.152223704047758e-55
Email 152,0,2.1847609195641713e-51
Email 153,0,0.06779992294395508
Email 154,0,1.1483599744049341e-71
Email 155,0,1.1645702573715167e-104
Email 156,0,1.744826952108423e-11
Email 157,0,9.723753470029396e-67
Email 158,0,2.8842462800318235e-13
Email 159,1,1.0
Email 160,1,1.0
Email 161,0,5.25341042690535e-49
Email 162,0,1.8110395462860946e-15
Email 163,0,1.3885077687667993e-05
Email 164,0,5.616906877034297e-29
Email 165,0,2.879530841885294e-159
Email 166,0,3.499780145010429e-26
Email 167,1,0.9026954300067977
Email 168,1,1.0
Email 169,0,5.623147951741758e-22
Email 170,1,1.0
Email 171,0,4.022276816932762e-167
Email 172,0,5.632924119413409e-45
Email 173,1,1.0
Email 174,1,0.999570843761646
Email 175,0,9.147515560117857e-202
Email 176,1,1.0
Email 177,1,1.0
Email 178,0,5.225747777009868e-09
Email 179,0,2.088858915827367e-51
Email 180,0,0.0
Email 181,0,9.842133247196226e-22
Email 182,0,0.0009814084784539221
Email 183,0,0.0
Email 184,1,1.0
Email 185,0,1.8112834845899302e-17
Email 186,0,5.119838362736088e-22
Email 187,0,3.722646486537827e-53
Email 188,0,6.057519567365315e-145
Email 189,1,1.0
Email 190,0,2.4465843131046005e-05
Email 191,1,1.0
Email 192,1,1.0
Email 193,0,4.892131659470145e-13
Email 194,0,2.0277046836946804e-32
Email 195,1,1.0
Email 196,0,1.0071108777848075e-44
Email 197,1,1.0
Email 198,0,6.329922076983091e-30
Email 199,1,1.0
Email 200,0,1.9393245170402276e-28
Email 201,0,0.0
Email 202,1,1.0
Email 203,0,2.8420317247044215e-46
Email 204,1,1.0
Email 205,0,2.865941010486889e-29
Email 206,0,4.127210207041896e-26
Email 207,0,1.0491124941856055e-119
Email 208,0,8.719953063211573e-08
Email 209,1,1.0
Email 210,0,5.2102061452979454e-54
Email 211,0,1.0924042503727258e-19
Email 212,0,4.557433884826589e-119
Email 213,0,3.7019693064767817e-292
Email 214,1,0.9823677858819537
Email 215,0,1.8444320150277196e-270
Email 216,1,1.0
Email 217,0,1.9096392600446095e-57
Email 218,0,0.03487309132342951
Email 219,0,3.1803041860782827e-24
Email 220,0,2.0413480900838564e-29
Email 221,0,8.271960154719038e-254
Email 222,0,9.265602938386257e-44
Email 223,0,2.487599180260749e-181
Email 224,0,5.626742360689665e-51
Email 225,0,4.936698476370064e-239
Email 226,0,1.369768160827366e-239
Email 227,0,8.570779562143429e-24
Email 228,1,1.0
Email 229,0,1.0932998672744557e-49
Email 230,0,9.339552257313117e-166
Email 231,0,1.1010960258966105e-18
Email 232,0,1.7513061283951164e-236
Email 233,0,0.3065211116309904
Email 234,0,2.494387352981345e-31
Email 235,0,8.144296488491618e-85
Email 236,1,1.0
Email 237,0,1.139612818333553e-12
Email 238,1,1.0
Email 239,0,1.723282156652341e-118
Email 240,0,2.2516662828561782e-15
Email 241,0,9.755623419612552e-28
Email 242,0,6.329877033961829e-101
Email 243,0,7.849787640542677e-86
Email 244,0,8.569612216799574e-86
Email 245,1,0.9986907501798308
Email 246,1,0.9772365986494898
Email 247,0,1.1270776040739576e-14
Email 248,1,1.0
Email 249,0,5.185198407350968e-60
Email 250,1,0.9987820802282183
Email 251,0,4.225251235129187e-66
Email 252,0,2.6396660070566028e-09
Email 253,0,2.865941010486889e-29
Email 254,0,1.1270621234068387e-37
Email 255,0,2.0790089251587883e-35
Email 256,1,1.0
Email 257,0,7.544649910664102e-48
Email 258,1,1.0
Email 259,0,7.454489619493695e-19
Email 260,1,1.0
Email 261,0,1.4067226199225874e-09
Email 262,0,5.1524958769207426e-223
Email 263,0,2.1713028969873647e-17
Email 264,1,1.0
Email 265,0,1.6944156921222555e-72
Email 266,0,0.087786728975012
Email 267,0,9.324870625278088e-56
Email 268,0,5.0381322297386435e-57
Email 269,0,2.3834921661843887e-80
Email 270,0,0.07132027399246751
Email 271,0,2.0249927719215781e-47
Email 272,0,0.023822375659687412
Email 273,0,6.219019630428551e-35
Email 274,0,3.6665912614009526e-51
Email 275,0,6.889514735253462e-16
Email 276,0,6.78536839248031e-68
Email 277,1,1.0
Email 278,0,1.2779660686472977e-59
Email 279,0,2.3677000647438492e-82
Email 280,0,1.1547225408294927e-50
Email 281,0,5.4305713570660625e-21
Email 282,1,0.9999999999995453
Email 283,0,3.941912123033618e-16
Email 284,0,5.104339349492567e-74
Email 285,0,7.436537791975843e-73
Email 286,0,0.00027677402548916035
Email 287,0,1.9199405579255118e-60
Email 288,0,8.315399997094057e-106
Email 289,1,1.0
Email 290,1,1.0
Email 291,0,4.4085018072376855e-44
Email 292,0,2.2835981209877798e-05
Email 293,0,9.05644084667717e-108
Email 294,0,2.2784735096376977e-60
Email 295,0,1.3855274675959379e-99
Email 296,0,7.075971737927017e-08
Email 297,0,1.5415796403082933e-34
Email 298,1,0.7353703607491107
Email 299,0,2.708633114800067e-16
Email 300,0,2.8917569101372677e-23
Email 301,0,7.129731961976124e-13
Email 302,0,6.416525374616996e-42
Email 303,0,0.029724556127284328
Email 304,0,0.0018649229557047367
Email 305,0,2.756156159374508e-38
Email 306,0,3.4484833972167267e-56
Email 307,1,1.0
Email 308,1,0.8881482478309153
Email 309,1,1.0
Email 310,1,1.0
Email 311,1,0.999999060550622
Email 312,1,0.7587258325636196
Email 313,0,2.6448039856603836e-55
Email 314,0,1.4356514246022738e-13
Email 315,0,7.209577462143206e-16
Email 316,0,2.034939390902998e-29
Email 317,0,3.196873647022437e-72
Email 318,0,2.0688870855896773e-85
Email 319,0,4.847411099464868e-44
Email 320,1,0.999999999744432
Email 321,0,1.3532653291107442e-25
Email 322,0,8.055220977632367e-55
Email 323,1,1.0
Email 324,1,1.0
Email 325,1,1.0
Email 326,0,1.2871637330256906e-50
Email 327,1,1.0
Email 328,1,1.0
Email 329,0,2.3961399963551046e-39
Email 330,0,3.028710425618851e-27
Email 331,0,7.414691466285902e-24
Email 332,1,1.0
Email 333,0,4.8689495453365416e-95
Email 334,1,1.0
Email 335,0,9.52704010614513e-28
Email 336,0,9.338511507614542e-169
Email 337,1,1.0
Email 338,0,4.683754471909328e-106
Email 339,1,1.0
Email 340,1,1.0
Email 341,0,1.3940863387171175e-11
Email 342,1,1.0
Email 343,1,1.0
Email 344,1,1.0
Email 345,0,2.869172132747817e-52
Email 346,0,2.296203180330144e-165
Email 347,1,1.0
Email 348,0,3.843043766936605e-14
Email 349,0,8.57463322338423e-51
Email 350,0,1.9668275914675877e-16
Email 351,0,2.790790552761207e-96
Email 352,1,1.0
Email 353,0,1.0819929945854844e-19
Email 354,0,5.103805282653594e-14
Email 355,0,1.284572738536503e-44
Email 356,0,1.035203234248996e-15
Email 357,1,1.0
Email 358,0,8.849133841965819e-26
Email 359,1,1.0
Email 360,0,3.7797030305136163e-22
Email 361,1,0.6439537515248682
Email 362,0,5.1902145434889645e-42
Email 363,0,8.3113041956801495e-53
Email 364,1,1.0
Email 365,1,0.9999993628345902
Email 366,0,1.063807199843333e-46
Email 367,1,1.0
Email 368,0,1.674504787636959e-55
Email 369,0,1.4484884999327154e-89
Email 370,0,2.6219045023531406e-46
Email 371,0,1.3171381187977367e-50
Email 372,0,3.111185578076999e-69
Email 373,1,1.0
Email 374,0,2.0535744863012614e-81
Email 375,0,4.893303732811528e-52
Email 376,0,2.0654747514308833e-38
Email 377,1,1.0
Email 378,1,1.0
Email 379,0,5.9975878938803924e-108
Email 380,0,1.1446353745483884e-15
Email 381,0,0.2716206123454972
Email 382,0,5.862405214355052e-07
Email 383,0,1.768068665939528e-92
Email 384,0,5.250972422643174e-51
Email 385,1,1.0
Email 386,0,1.4750822482101997e-44
Email 387,1,0.9821739113618242
Email 388,0,0.0194545873170415
Email 389,1,1.0
Email 390,0,8.881843251811448e-83
Email 391,1,1.0
Email 392,1,1.0
Email 393,0,1.945189946841817e-44
Email 394,0,5.811392241869872e-89
Email 395,0,1.471559085864049e-63
Email 396,1,1.0
Email 397,0,3.4395746610491293e-54
Email 398,1,1.0
Email 399,0,0.0004806513789610442
Email 400,0,1.5608915810959181e-46
Email 401,1,1.0
Email 402,0,3.4798199993178683e-102
Email 403,0,3.670854467555531e-46
Email 404,0,5.834874616692886e-28
Email 405,0,4.328632712385719e-70
Email 406,0,3.6317711962800047e-143
Email 407,1,1.0
Email 408,0,8.744777532565871e-27
Email 409,0,2.0151006567881976e-31
Email 410,0,2.4041316659768505e-255
Email 411,1,1.0
Email 412,1,1.0
Email 413,0,6.404822792187192e-30
Email 414,0,1.7426605972094618e-48
Email 415,1,0.9999999782326656
Email 416,0,2.310088391440357e-68
Email 417,1,0.9999999810449938
Email 418,0,1.3996214083971343e-143
Email 419,0,4.5729828010488203e-29
Email 420,0,1.095815318477822e-39
Email 421,0,0.0013456170741047162
Email 422,0,1.0132155344460489e-88
Email 423,0,2.9350413242433886e-105
Email 424,1,0.9843145080780948
Email 425,0,3.5630323082869516e-30
Email 426,0,1.1380892937122252e-14
Email 427,0,0.0
Email 428,0,3.256053372113006e-32
Email 429,0,2.0179870510747295e-109
Email 430,0,1.3193121056913333e-20
Email 431,1,1.0
Email 432,1,1.0
Email 433,0,3.766916353988046e-05
Email 434,1,1.0
Email 435,0,6.676489676557922e-20
Email 436,0,1.2820046829156962e-34
Email 437,0,2.6069429627387256e-87
Email 438,0,0.021741472615063196
Email 439,1,1.0
Email 440,0,2.4462722328818045e-50
Email 441,0,5.91814364884535e-10
Email 442,0,1.0610778567636158e-95
Email 443,0,3.8870269645976835e-50
Email 444,0,9.41539825940643e-123
Email 445,0,0.029724556127284328
Email 446,0,2.3989461121729343e-28
Email 447,1,1.0
Email 448,0,1.6326360592348828e-136
Email 449,1,1.0
Email 450,0,1.62697093303231e-51
Email 451,1,1.0
Email 452,0,2.439843425053202e-17
Email 453,0,2.7580164022997935e-67
Email 454,1,1.0
Email 455,1,1.0
Email 456,0,1.3391542017540763e-204
Email 457,0,3.9657887608619374e-58
Email 458,0,2.250528599791304e-13
Email 459,0,1.4383852196609955e-180
Email 460,0,7.5900485959933185e-06
Email 461,0,2.1653422406211307e-53
Email 462,1,1.0
Email 463,1,1.0
Email 464,0,2.744280652162159e-05
Email 465,0,1.0363203872862926e-48
Email 466,0,3.76886023065895e-12
Email 467,0,9.558523292238798e-48
Email 468,0,2.495383692519537e-21
Email 469,0,2.087682345177617e-200
Email 470,0,1.6513032745741793e-107
Email 471,0,8.894170397420912e-49
Email 472,0,3.5956659355753355e-12
Email 473,1,1.0
Email 474,0,1.9586320380425796e-83
Email 475,0,5.177079223822849e-76
Email 476,0,5.462058887274688e-17
Email 477,1,1.0
Email 478,0,1.7692866984161207e-38
Email 479,0,5.202310730795156e-48
Email 480,1,1.0
Email 481,0,1.55982352100426e-127
Email 482,0,1.4340447657164225e-102
Email 483,0,3.0428158304443125e-34
Email 484,1,0.999998779501374
Email 485,1,1.0
Email 486,0,6.207614286039507e-26
Email 487,0,1.3708761783314398e-12
Email 488,0,0.0008105244510431902
Email 489,0,1.036380328341902e-40
Email 490,0,1.4434996653681928e-07
Email 491,0,0.1646112617233962
Email 492,1,1.0
Email 493,0,1.554865415342691e-08
Email 494,0,2.5447035054034374e-16
Email 495,0,3.2965842539061424e-89
Email 496,1,1.0
Email 497,0,1.8400129805145225e-44
Email 498,0,4.124271474111413e-46
Email 499,0,4.09484595745193e-45
Email 500,0,1.0179491170930627e-22
Email 501,1,1.0
Email 502,0,3.174940895211101e-81
Email 503,0,6.695151951108248e-145
Email 504,0,7.8122766130172e-58
Email 505,1,1.0
Email 506,0,5.989711220516658e-10
Email 507,0,4.865450235578814e-46
Email 508,0,6.714631023253307e-47
Email 509,0,1.1566501017977185e-38
Email 510,0,1.767897997024295e-28
Email 511,1,0.9999898152330172
Email 512,1,1.0
Email 513,0,2.0521678692805884e-80
Email 514,0,4.8116952856011304e-132
Email 515,0,1.3541398372501763e-34
Email 516,1,1.0
Email 517,0,4.687425660208178e-69
Email 518,0,6.653019090305647e-39
Email 519,0,1.9664079249691827e-155
Email 520,1,1.0
Email 521,0,1.9217687825353036e-66
Email 522,0,6.795018069677427e-20
Email 523,0,1.2954369628987175e-255
Email 524,0,3.1658792694431743e-140
Email 525,0,0.0
Email 526,0,1.2077723864389072e-140
Email 527,0,5.882648509285635e-39
Email 528,1,1.0
Email 529,1,1.0
Email 530,0,2.8889243747774576e-41
Email 531,0,6.467504191042204e-234
Email 532,0,1.5358316506065038e-145
Email 533,1,1.0
Email 534,0,2.7080824813068507e-18
Email 535,0,2.603740283498074e-09
Email 536,0,1.9204032590687494e-71
Email 537,0,1.4849341144114115e-17
Email 538,1,1.0
Email 539,0,1.1928902828844701e-16
Email 540,0,3.816693964738178e-73
Email 541,0,5.791824433669382e-27
Email 542,1,1.0
Email 543,0,1.1387720001011584e-262
Email 544,1,1.0
Email 545,0,6.198930648826808e-32
Email 546,0,1.0011680870019165e-75
Email 547,1,0.9486559080752454
Email 548,0,1.1268304852615453e-116
Email 549,0,7.41345919562998e-38
Email 550,0,1.187426380582892e-29
Email 551,0,9.692930408329898e-46
Email 552,0,9.507081327874574e-40
Email 553,0,3.315477852121269e-70
Email 554,0,1.438919899592895e-17
Email 555,1,1.0
Email 556,0,6.2720510048308805e-83
Email 557,1,1.0
Email 558,0,5.231660590285921e-61
Email 559,1,1.0
Email 560,0,3.726695920371361e-43
Email 561,1,1.0
Email 562,1,0.9999754740367244
Email 563,0,6.461887937140819e-07
Email 564,0,1.604785041590934e-08
Email 565,0,1.6044931318755162e-75
Email 566,0,1.7702806319998076e-24
Email 567,1,0.978324560803542
Email 568,0,6.406883984728597e-194
Email 569,1,1.0
Email 570,0,3.105835810379021e-119
Email 571,1,1.0
Email 572,0,3.216175232446739e-108
Email 573,1,0.9999999911860868
Email 574,1,1.0
Email 575,1,1.0
Email 576,1,0.9999999841834325
Email 577,1,1.0
Email 578,1,1.0
Email 579,0,2.6105079444818033e-67
Email 580,1,1.0
Email 581,0,7.485590454125075e-112
Email 582,1,1.0
Email 583,0,1.9820862487234344e-21
Email 584,0,1.5812575281907197e-08
Email 585,1,1.0
Email 586,0,4.301107082742189e-27
Email 587,0,3.1941231886200183e-24
Email 588,1,1.0
Email 589,0,3.856175801568689e-05
Email 590,0,1.5524314793096653e-59
Email 591,0,4.362085604972164e-117
Email 592,1,0.9998230840164822
Email 593,0,9.239724241804562e-17
Email 594,0,3.483129330524271e-107
Email 595,1,1.0
Email 596,0,0.02512443133929874
Email 597,0,9.843923825497338e-192
Email 598,1,0.99999999995498
Email 599,1,1.0
Email 600,0,6.079124064374582e-23
Email 601,0,6.250038417645749e-33
Email 602,0,5.521166811221388e-107
Email 603,0,2.791658004244938e-63
Email 604,0,5.617714439909129e-164
Email 605,0,4.710064107473544e-13
Email 606,0,4.016990095029099e-23
Email 607,0,2.5841792849708936e-16
Email 608,0,4.660802644473709e-55
Email 609,1,1.0
Email 610,0,1.656486357427195e-53
Email 611,0,2.4584307885906153e-14
Email 612,1,1.0
Email 613,0,5.8182468389681946e-06
Email 614,0,4.375092919419622e-56
Email 615,1,0.8152690405918499
Email 616,0,1.4963197653187252e-127
Email 617,0,5.359378513739989e-200
Email 618,0,2.5932679931743e-47
Email 619,0,5.954431679732816e-82
Email 620,0,9.002833398898905e-25
Email 621,1,0.999796274145672
Email 622,1,1.0
Email 623,0,1.3941972994647767e-12
Email 624,0,5.292611871425322e-99
Email 625,1,1.0
Email 626,1,1.0
Email 627,0,3.0223846074273893e-65
Email 628,0,6.152922680377542e-173
Email 629,0,1.2350505120236505e-24
Email 630,1,1.0
Email 631,0,1.425535849358062e-05
Email 632,0,1.5229821375413588e-95
Email 633,0,1.4953403202561688e-57
Email 634,1,0.9999935497365852
Email 635,0,3.341165875249266e-26
Email 636,0,3.6407902891934726e-31
Email 637,1,0.9714626192909886
Email 638,0,1.3106781281728642e-49
Email 639,0,1.7254205187567924e-11
Email 640,1,0.9996750148304647
Email 641,0,7.21289685536791e-145
Email 642,0,5.009719252235208e-138
Email 643,0,3.297474722621399e-68
Email 644,1,1.0
Email 645,0,5.881684971603423e-105
Email 646,0,9.876937843936226e-99
Email 647,1,1.0
Email 648,0,2.831660328003626e-66
Email 649,0,1.0664611076621836e-37
Email 650,0,1.4558539063899869e-180
Email 651,1,1.0
Email 652,0,4.5702758575906746e-95
Email 653,0,8.575470479277947e-11
Email 654,0,1.3690204646875233e-16
Email 655,0,1.9942312419188684e-88
Email 656,0,4.081518551898647e-18
Email 657,1,1.0
Email 658,1,1.0
Email 659,0,2.232049387911876e-174
Email 660,1,1.0
Email 661,1,1.0
Email 662,0,5.935515236160636e-25
Email 663,1,0.9998235607900244
Email 664,0,0.0
Email 665,1,0.9784486674066473
Email 666,0,4.274999773e-313
Email 667,1,1.0
Email 668,1,1.0
Email 669,0,1.3794133628517237e-58
Email 670,1,1.0
Email 671,1,1.0
Email 672,0,1.3439635753474246e-78
Email 673,1,1.0
Email 674,1,0.9126015096794502
Email 675,0,8.151992334908529e-27
Email 676,0,8.664583909191926e-75
Email 677,0,2.265800693324897e-19
Email 678,0,2.405545111058792e-22
Email 679,0,0.0
Email 680,0,6.065701107852643e-14
Email 681,0,1.3527790272445109e-182
Email 682,1,1.0
Email 683,0,1.996988275116448e-82
Email 684,0,0.0
Email 685,0,8.312333174213636e-34
Email 686,1,1.0
Email 687,1,1.0
Email 688,0,4.958686933697844e-36
Email 689,0,0.002069097199213162
Email 690,0,1.1200666304854107e-10
Email 691,0,3.689621928113952e-40
Email 692,1,0.9999999999408828
Email 693,0,0.01592086957989648
Email 694,0,1.2126524618337888e-51
Email 695,1,1.0
Email 696,0,1.5898831754427695e-79
Email 697,0,0.011267399409694543
Email 698,0,1.6429670319632335e-17
Email 699,1,0.7795249573394072
Email 700,0,5.904123117102155e-30
Email 701,0,4.293113973553325e-109
Email 702,0,2.265842835323923e-169
Email 703,0,4.012162263116246e-167
Email 704,0,6.277920697094686e-13
Email 705,1,0.9999989003497738
Email 706,0,8.086750093891874e-36
Email 707,1,1.0
Email 708,0,0.12568433315078262
Email 709,1,1.0
Email 710,1,1.0
Email 711,0,2.8731675667823504e-33
Email 712,1,1.0
Email 713,0,1.132954061625948e-44
Email 714,0,2.6575405703234895e-16
Email 715,0,8.613670226280758e-46
Email 716,0,2.787162285598897e-56
Email 717,0,0.016942738464784203
Email 718,1,1.0
Email 719,0,3.4007506355421906e-59
Email 720,0,1.0186979857114142e-127
Email 721,1,1.0
Email 722,0,1.1072558043267459e-07
Email 723,1,1.0
Email 724,0,0.00011549297005860133
Email 725,0,0.0003086095057929704
Email 726,1,0.8806744951393743
Email 727,1,1.0
Email 728,0,6.331989312266526e-63
Email 729,0,1.2187382601613109e-15
Email 730,0,3.0950737261422956e-20
Email 731,0,3.954775209877067e-55
Email 732,0,7.628270488266623e-83
Email 733,1,1.0
Email 734,1,1.0
Email 735,0,0.0
Email 736,0,3.56432821135545e-47
Email 737,1,0.9999999999972715
Email 738,0,3.03786956578907e-26
Email 739,0,2.2338701869371064e-276
Email 740,0,1.0670143219746578e-50
Email 741,0,1.3055866608558736e-07
Email 742,0,1.1420684145747415e-88
Email 743,0,2.008141339623637e-27
Email 744,0,2.5988391021596467e-40
Email 745,0,1.063804401969039e-53
Email 746,1,1.0
Email 747,1,1.0
Email 748,0,3.4043912824193604e-136
Email 749,0,2.7008315913265744e-107
Email 750,1,0.9999758949796882
Email 751,0,0.12185157915592777
Email 752,0,7.340473496378584e-44
Email 753,0,7.1355783836311e-30
Email 754,1,1.0
Email 755,0,8.5038572627093e-154
Email 756,0,5.406342382295203e-39
Email 757,0,1.0624447309277764e-32
Email 758,1,0.9999999999777174
Email 759,0,1.473286906269818e-185
Email 760,1,0.9999999999995453
Email 761,0,2.8926754729437725e-20
Email 762,1,1.0
Email 763,1,1.0
Email 764,1,1.0
Email 765,0,2.8931103284213335e-08
Email 766,0,0.0
Email 767,1,0.9978124741061427
Email 768,0,2.1542219079815893e-44
Email 769,0,1.5803823958290626e-28
Email 770,0,6.493354827865293e-05
Email 771,0,6.288787888303757e-77
Email 772,1,1.0
Email 773,0,9.900007848247002e-45
Email 774,1,1.0
Email 775,1,0.9780871974493992
Email 776,0,1.0699496134821348e-74
Email 777,0,5.627704792280821e-60
Email 778,0,9.525909609886504e-178
Email 779,1,1.0
Email 780,0,0.0
Email 781,0,3.1031599303750605e-111
Email 782,0,2.9258626946935853e-30
Email 783,0,4.355105898923586e-10
Email 784,1,1.0
Email 785,0,7.338834775955879e-232
Email 786,1,1.0
Email 787,0,8.602728830317218e-84
Email 788,1,0.9922091950839034
Email 789,0,2.113257573533693e-66
Email 790,0,5.6586523887282335e-19
Email 791,1,0.9920900350191674
Email 792,0,5.612812937956908e-96
Email 793,0,4.1899138005014905e-66
Email 794,1,0.9794494556368216
Email 795,0,4.90329348542421e-25
Email 796,0,8.27276667233287e-28
Email 797,1,0.9999999946207936
Email 798,0,1.3550645008556477e-29
Email 799,1,0.9999462592359487
Email 800,0,1.0199293797889854e-58
Email 801,0,1.2192320966610255e-85
Email 802,0,7.42102847252901e-97
Email 803,1,1.0
Email 804,0,2.9929522883572425e-49
Email 805,0,0.43479326369799964
Email 806,1,0.9907864110022769
Email 807,1,0.9999711697446008
Email 808,0,0.00023166358918878628
Email 809,0,2.606842024663227e-72
Email 810,1,1.0
Email 811,1,0.9911021945210892
Email 812,0,1.8395871759975634e-86
Email 813,0,7.7028987719361415e-84
Email 814,1,1.0
Email 815,0,5.8829892304258436e-15
Email 816,0,9.018421129231826e-88
Email 817,0,4.118979525155851e-149
Email 818,0,1.3109438865494715e-11
Email 819,0,8.388195202111761e-20
Email 820,1,1.0
Email 821,0,7.262486695536046e-19
Email 822,0,1.7334277512876423e-35
Email 823,0,1.0682637869550892e-42
Email 824,0,4.8310841091235476e-21
Email 825,0,6.142287290264647e-26
Email 826,0,2.680471710142955e-246
Email 827,0,1.2076542810236235e-79
Email 828,0,8.034680869644502e-13
Email 829,0,1.8482564047420394e-15
Email 830,1,1.0
Email 831,0,1.157810385286809e-185
Email 832,0,4.879539711000157e-114
Email 833,0,1.6952157058986902e-09
Email 834,0,1.435250919121929e-47
Email 835,0,1.1420095937048659e-05
Email 836,1,0.999751258895477
Email 837,0,7.840765598165849e-16
Email 838,1,1.0
Email 839,0,6.792023205861277e-48
Email 840,1,0.9999999949864105
Email 841,0,1.176571142592082e-29
Email 842,1,1.0
Email 843,0,7.682133610130505e-24
Email 844,1,0.9998448841015017
Email 845,0,7.346316861415388e-31
Email 846,0,1.2619384534989607e-93
Email 847,1,1.0
Email 848,0,1.063627231360671e-68
Email 849,1,1.0
Email 850,0,4.573122281439742e-87
Email 851,1,1.0
Email 852,1,0.9999999809820113
Email 853,0,0.0
Email 854,1,0.9984255411026411
Email 855,0,1.6894073689518212e-63
Email 856,0,1.3199455795882026e-142
Email 857,0,7.632184823772267e-29
Email 858,1,1.0
Email 859,0,6.759018803577988e-44
Email 860,0,3.653764594251819e-53
Email 861,1,1.0
Email 862,1,0.9983533092864645
Email 863,0,0.0
Email 864,0,9.642601739216726e-97
Email 865,1,0.9999999999997726
Email 866,0,2.317000575425238e-22
Email 867,1,1.0
Email 868,0,1.6270729764785616e-270
Email 869,0,0.0012029597380667635
Email 870,0,2.742304005161193e-16
Email 871,1,0.9999999972259275
Email 872,0,0.0
Email 873,0,1.7673943750150293e-30
Email 874,1,1.0
Email 875,1,1.0
Email 876,0,7.14150079033579e-119
Email 877,0,3.2176185847958426e-101
Email 878,0,2.604184088170589e-41
Email 879,0,1.1550060909852902e-98
Email 880,0,8.566096818301556e-43
Email 881,1,1.0
Email 882,0,1.5605369473573557e-38
Email 883,1,0.9999999999980673
Email 884,0,3.854004632061665e-36
Email 885,1,1.0
Email 886,0,6.234464209409842e-31
Email 887,1,1.0
Email 888,0,2.18121934750491e-30
Email 889,1,1.0
Email 890,0,2.8974360340687644e-293
Email 891,1,1.0
Email 892,0,3.29667387042254e-27
Email 893,1,1.0
Email 894,0,1.408475603507294e-50
Email 895,1,1.0
Email 896,0,1.503552342518945e-21
Email 897,1,1.0
Email 898,0,1.0707959946882098e-24
Email 899,1,1.0
Email 900,0,8.87448948795753e-24
Email 901,0,9.985103524766207e-26
Email 902,0,9.86334981509571e-122
Email 903,1,0.9999998362402059
Email 904,0,3.319016453015136e-72
Email 905,1,0.9991631961342312
Email 906,0,0.0007821884159502685
Email 907,0,4.626160570283248e-99
Email 908,0,1.5845345900524873e-261
Email 909,0,2.8279862225481527e-207
Email 910,1,1.0
Email 911,0,4.103836258867506e-173
Email 912,0,7.163796923397391e-31
Email 913,1,0.9999999999995453
Email 914,1,1.0
Email 915,0,2.96235058739367e-95
Email 916,0,5.844214435727049e-24
Email 917,0,6.43596622802683e-40
Email 918,0,5.920221441279372e-100
Email 919,0,2.2903279094384384e-47
Email 920,1,1.0
Email 921,0,7.02254524561759e-32
Email 922,0,2.6048793404084904e-179
Email 923,1,1.0
Email 924,1,1.0
Email 925,1,0.9999992601618041
Email 926,0,8.654833612739242e-258
Email 927,0,3.4268110045672844e-174
Email 928,1,1.0
Email 929,0,1.1768276366022432e-66
Email 930,0,2.3114702422618566e-169
Email 931,1,1.0
Email 932,0,7.636173559538828e-151
Email 933,0,6.304289390009007e-270
Email 934,1,1.0
Email 935,0,2.3425837173340996e-27
Email 936,0,3.765108584647057e-33
Email 937,0,5.730635516836077e-13
Email 938,1,1.0
Email 939,0,7.288473828817196e-49
Email 940,0,7.747655041235824e-74
Email 941,1,1.0
Email 942,0,1.0524330853748167e-35
Email 943,0,7.244461310062783e-28
Email 944,0,1.287816840025705e-95
Email 945,0,0.0
Email 946,0,2.5492993568139414e-308
Email 947,0,1.3618482812937167e-07
Email 948,0,9.344345570474508e-129
Email 949,0,8.45432039364419e-12
Email 950,1,1.0
Email 951,0,7.0425665595748655e-25
Email 952,1,1.0
Email 953,1,1.0
Email 954,1,1.0
Email 955,0,7.105394567180512e-29
Email 956,0,3.277898610498475e-166
Email 957,1,1.0
Email 958,0,1.5209518150418846e-178
Email 959,0,1.7472982629576217e-20
Email 960,0,3.4840885218724034e-07
Email 961,0,5.231992863709568e-13
Email 962,1,1.0
Email 963,1,1.0
Email 964,0,1.0259550028231089e-10
Email 965,0,4.0481715582740816e-80
Email 966,0,3.181328056036042e-44
Email 967,1,1.0
Email 968,0,6.324520599419288e-75
Email 969,1,1.0
Email 970,0,1.0676464242717709e-93
Email 971,1,1.0
Email 972,0,2.7841862744434146e-141
Email 973,0,2.3638795924951513e-81
Email 974,0,3.1514963012568194e-38
Email 975,0,8.152151035908866e-155
Email 976,0,5.767309874136601e-35
Email 977,1,1.0
Email 978,0,2.0172216007936106e-08
Email 979,0,6.8417078909281536e-34
Email 980,0,0.0013625765078183168
Email 981,0,0.3017358497551617
Email 982,0,8.447250633255507e-57
Email 983,0,1.515083374458915e-67
Email 984,1,1.0
Email 985,0,8.741772138165474e-20
Email 986,0,3.9400041042450537e-47
Email 987,0,4.163430058395173e-19
Email 988,0,2.9569905275570387e-119
Email 989,0,2.9519798429126062e-24
Email 990,0,1.2618276508627277e-08
Email 991,1,1.0
Email 992,1,1.0
Email 993,0,1.104536783557083e-205
Email 994,0,2.0640511528553575e-170
Email 995,1,1.0
Email 996,0,2.1581712633547673e-62
Email 997,0,0.08152364339371387
Email 998,0,2.9678873726741906e-170
Email 999,0,1.0383814095395955e-61
Email 1000,0,0.0006809088580260407
Email 1001,0,4.806991801664931e-107
Email 1002,0,1.6999553309657972e-29
Email 1003,0,1.4433142264041767e-71
Email 1004,0,3.0543127660768107e-59
Email 1005,1,1.0
Email 1006,0,9.498479110476997e-05
Email 1007,0,2.296020431904469e-45
Email 1008,1,1.0
Email 1009,0,9.424969142746795e-266
Email 1010,0,2.073193664212253e-71
Email 1011,1,1.0
Email 1012,0,4.120313999600243e-27
Email 1013,0,6.534230943976356e-19
Email 1014,1,1.0
Email 1015,0,1.5871205001819078e-191
Email 1016,0,3.077049371766973e-56
Email 1017,1,1.0
Email 1018,1,1.0
Email 1019,1,1.0
Email 1020,0,4.1321988021702674e-140
Email 1021,0,1.8223622936705073e-35
Email 1022,0,5.344016440461149e-76
Email 1023,1,0.9951794043551714
Email 1024,0,6.7274008635779916e-46
Email 1025,0,1.0668547959564874e-147
Email 1026,0,2.706044096347574e-07
Email 1027,1,1.0
Email 1028,0,1.3507784803422088e-11
Email 1029,0,1.382432216556559e-241
Email 1030,0,4.359854398304371e-36
Email 1031,0,1.772483162126051e-290
Email 1032,0,1.0660295350909374e-12
Email 1033,1,1.0
Email 1034,0,8.653327904202265e-69
Email 1035,1,1.0
Email 1036,0,1.6249585702414027e-72
Email 1037,1,0.9583842008978115
Email 1038,1,1.0
Email 1039,0,1.932217881818231e-191
Email 1040,1,1.0
Email 1041,0,6.479897634409255e-38
Email 1042,0,5.142309807593238e-50
Email 1043,0,6.849569979412188e-133
Email 1044,1,1.0
Email 1045,0,1.2500463119167034e-43
Email 1046,1,0.9999999996557563
Email 1047,0,1.1754162151997349e-49
Email 1048,1,1.0
Email 1049,0,6.537682239305087e-19
Email 1050,0,2.0956834604606942e-13
Email 1051,0,2.2314548015872575e-31
Email 1052,0,1.9881840907821378e-57
Email 1053,1,1.0
Email 1054,0,9.124392546935066e-73
Email 1055,0,2.1491850046319928e-79
Email 1056,0,2.7070803504025956e-19
Email 1057,1,1.0
Email 1058,0,2.3637382439314351e-237
Email 1059,0,6.87975937462349e-19
Email 1060,0,1.188464035248396e-49
Email 1061,0,1.346827770375209e-167
Email 1062,0,3.0801439418763076e-147
Email 1063,0,1.1928092425428918e-26
Email 1064,0,1.0311568564185985e-105
Email 1065,0,0.0
Email 1066,1,1.0
Email 1067,0,1.6761368398156966e-74
Email 1068,0,8.996625502493973e-51
Email 1069,0,8.893402159192728e-163
Email 1070,0,1.2128811111281173e-33
Email 1071,0,1.2406179592942879e-08
Email 1072,0,4.000305827657242e-15
Email 1073,0,7.183237269252311e-21
Email 1074,0,1.3287399993517304e-10
Email 1075,0,3.900807038410918e-87
Email 1076,1,1.0
Email 1077,0,1.561376050954188e-59
Email 1078,1,1.0
Email 1079,0,2.2367032343424342e-23
Email 1080,0,7.017728737478724e-150
Email 1081,0,6.443930115227166e-73
Email 1082,1,1.0
Email 1083,0,2.355647577983139e-135
Email 1084,1,1.0
Email 1085,1,1.0
Email 1086,0,4.474950722152261e-133
Email 1087,0,2.3936871026587948e-12
Email 1088,0,6.150109720096222e-19
Email 1089,0,6.973717325045311e-111
Email 1090,0,8.052509201551803e-60
Email 1091,0,1.9426743735157248e-106
Email 1092,0,0.1907551013241702
Email 1093,1,1.0
Email 1094,0,6.81743907977014e-27
Email 1095,1,1.0
Email 1096,1,1.0
Email 1097,0,1.417413966473153e-24
Email 1098,0,4.02476968943751e-29
Email 1099,1,1.0
Email 1100,0,1.4492492165333677e-13
Email 1101,0,7.563893404295755e-202
Email 1102,0,8.840109702959174e-24
Email 1103,0,1.802572041309735e-30
Email 1104,1,0.9999999915236231
Email 1105,0,3.601054253095198e-80
Email 1106,0,3.543857023083834e-13
Email 1107,1,0.9999999999863576
Email 1108,0,1.062834702333373e-12
Email 1109,0,6.296293795988963e-31
Email 1110,0,1.8091723923730828e-19
Email 1111,0,5.861140790874829e-73
Email 1112,1,1.0
Email 1113,0,2.0734670709885634e-52
Email 1114,0,2.4683461335037864e-46
Email 1115,1,1.0
Email 1116,0,2.278388302949215e-306
Email 1117,0,9.726743394549149e-37
Email 1118,0,6.466585374893241e-183
Email 1119,1,1.0
Email 1120,0,0.0
Email 1121,0,5.166642241765982e-223
Email 1122,0,4.04214482434247e-152
Email 1123,1,1.0
Email 1124,0,1.5383608576468505e-75
Email 1125,0,8.942218213061758e-12
Email 1126,0,9.92395935607107e-10
Email 1127,0,9.121634731790673e-75
Email 1128,0,6.811103048440864e-60
Email 1129,0,7.909991077197625e-56
Email 1130,1,0.9999999999986358
Email 1131,0,8.846354314018639e-10
Email 1132,0,7.688203769649059e-94
Email 1133,0,7.199008743520798e-41
Email 1134,0,1.3799151640967677e-62
Email 1135,0,1.0087320146912666e-40
Email 1136,0,5.673560858017789e-25
Email 1137,0,1.756933393621751e-45
Email 1138,0,9.443220023290499e-08
Email 1139,0,2.9079947260419365e-191
Email 1140,0,1.8346960785248745e-34
Email 1141,1,0.9998683109770484
Email 1142,1,0.9999999995836788
Email 1143,0,1.1453712442508456e-54
Email 1144,0,4.364616582263123e-59
Email 1145,0,1.5877195646486087e-49
Email 1146,0,1.680449154403449e-67
Email 1147,0,2.306799654793991e-49
Email 1148,1,0.9799979996739959
Email 1149,1,0.9999999791307348
Email 1150,0,0.0
Email 1151,0,3.475985835101687e-83
Email 1152,0,0.0
Email 1153,0,4.2749558965571457e-159
Email 1154,1,1.0
Email 1155,0,1.5411866370865702e-48
Email 1156,1,1.0
Email 1157,0,1.6403238137410295e-19
Email 1158,0,1.4782604016874135e-49
Email 1159,0,1.422112421181977e-58
Email 1160,0,9.05251221208171e-45
Email 1161,0,0.0
Email 1162,0,0.0073219888266613286
Email 1163,0,2.305224706110782e-16
Email 1164,0,2.995867514423232e-08
Email 1165,1,0.9824136877935822
Email 1166,1,1.0
Email 1167,0,3.7180061198511776e-38
Email 1168,0,2.251546416810952e-211
Email 1169,0,1.7700998704912726e-31
Email 1170,0,5.491940525492702e-50
Email 1171,0,9.552820380046773e-84
Email 1172,0,2.6050068668389084e-25
Email 1173,0,1.3728278769682575e-06
Email 1174,0,3.3294886133359785e-129
Email 1175,0,1.324714258369954e-32
Email 1176,0,8.009785856606543e-38
Email 1177,1,1.0
Email 1178,0,4.012869460648611e-44
Email 1179,0,6.16755451156911e-06
Email 1180,1,1.0
Email 1181,0,8.965741530463632e-33
Email 1182,1,0.9999999897308953
Email 1183,1,0.9999756058810136
Email 1184,0,2.2266072078475494e-76
Email 1185,1,1.0
Email 1186,0,1.715454027167316e-29
Email 1187,0,0.0
Email 1188,0,2.6278281523757664e-33
Email 1189,0,2.5907749201516403e-73
Email 1190,1,1.0
Email 1191,0,6.244281465517499e-65
Email 1192,1,0.999998734824776
Email 1193,0,2.9581995197799026e-15
Email 1194,0,7.741135005417786e-289
Email 1195,1,1.0
Email 1196,1,1.0
Email 1197,0,6.77351992157005e-57
Email 1198,0,2.566843722898205e-23
Email 1199,1,1.0
Email 1200,1,0.99999999968054
Email 1201,0,9.551708624604366e-114
Email 1202,0,2.989849592603512e-17
Email 1203,0,1.7788910952766273e-110
Email 1204,1,0.9999987695067215
Email 1205,1,1.0
Email 1206,0,1.0701454876550846e-08
Email 1207,0,8.045915476291903e-130
Email 1208,1,1.0
Email 1209,0,2.5926605138456097e-50
Email 1210,0,8.45704379092482e-34
Email 1211,0,4.3379124499192407e-75
Email 1212,1,1.0
Email 1213,0,6.1733923019730076e-49
Email 1214,0,9.480736917015874e-37
Email 1215,0,4.977676339250388e-57
Email 1216,1,0.9999999995061444
Email 1217,0,4.119720438583064e-09
Email 1218,1,0.99999999968054
Email 1219,1,1.0
Email 1220,0,1.5887355350894335e-30
Email 1221,0,8.893052511721834e-37
Email 1222,0,2.9295213120119037e-27
Email 1223,0,2.6387412820313285e-137
Email 1224,0,0.4799634632575659
Email 1225,0,8.248041971113921e-08
Email 1226,0,1.2428415017618098e-84
Email 1227,0,1.6221927090639277e-09
Email 1228,1,0.9999956461359568
Email 1229,0,6.917523229853358e-13
Email 1230,1,1.0
Email 1231,1,0.9999975291978955
Email 1232,0,1.2465236316243845e-106
Email 1233,0,1.659016282315903e-249
Email 1234,0,4.629875475216252e-153
Email 1235,0,2.241426954669446e-89
Email 1236,1,1.0
Email 1237,0,0.0
Email 1238,0,2.458099272544379e-30
Email 1239,0,1.6740619681912713e-29
Email 1240,0,1.715454027167316e-29
Email 1241,1,1.0
Email 1242,0,1.0023674200378105e-64
Email 1243,1,1.0
Email 1244,0,3.727144727489485e-47
Email 1245,0,5.061439609670524e-34
Email 1246,0,7.291719460849834e-48
Email 1247,1,1.0
Email 1248,0,4.394329977016047e-256
Email 1249,0,1.6180540911532706e-213
Email 1250,0,4.898125083526536e-48
Email 1251,1,0.9992499916795329
Email 1252,1,0.9995901724714298
Email 1253,0,2.9295213120119037e-27
Email 1254,0,6.53263331456051e-94
Email 1255,0,2.0962545021918114e-102
Email 1256,0,1.4192857550118793e-35
Email 1257,0,1.0329559924530367e-43
Email 1258,1,1.0
Email 1259,0,9.712292053892524e-55
Email 1260,1,1.0
Email 1261,0,1.2623015366459412e-47
Email 1262,0,2.4216914155297134e-20
Email 1263,0,0.0
Email 1264,0,9.705796015907553e-206
Email 1265,0,0.0
Email 1266,0,0.0
Email 1267,0,2.1633389900606887e-307
Email 1268,1,1.0
Email 1269,0,5.6539461387007255e-87
Email 1270,0,4.235684769771377e-31
Email 1271,0,1.537276703984348e-30
Email 1272,0,4.1949059544957158e-19
Email 1273,0,1.1035947344381378e-40
Email 1274,0,2.9295213120119037e-27
Email 1275,0,9.692960579102066e-129
Email 1276,0,4.799382611160761e-13
Email 1277,0,4.59893286057563e-28
Email 1278,1,0.9999999999995453
Email 1279,0,1.7936152268841896e-26
Email 1280,1,1.0
Email 1281,0,7.502358853025631e-14
Email 1282,1,1.0
Email 1283,0,1.9904971815254608e-44
Email 1284,0,0.2285552102820562
Email 1285,0,1.8446533443484466e-95
Email 1286,0,3.88258186601923e-61
Email 1287,0,0.10000200170196961
Email 1288,0,0.018984446084866914
Email 1289,0,8.28048323081267e-24
Email 1290,0,2.9295213120119037e-27
Email 1291,0,8.510557476594236e-16
Email 1292,0,1.1035947344381378e-40
Email 1293,1,0.9999999999913598
Email 1294,0,4.362032195997994e-49
Email 1295,1,1.0
Email 1296,0,1.5345415749486612e-43
Email 1297,0,9.1958165325687e-15
Email 1298,0,0.0
Email 1299,0,1.2493005584494519e-28
Email 1300,1,1.0
Email 1301,1,1.0
Email 1302,0,4.9028238103179815e-42
Email 1303,0,3.788874327448411e-30
Email 1304,0,1.3352757456006204e-37
Email 1305,0,3.784793240514974e-102
Email 1306,1,0.9963998037035912
Email 1307,1,0.9999999991578079
Email 1308,1,1.0
Email 1309,1,1.0
Email 1310,0,4.429147202901011e-36
Email 1311,0,2.6754521313314287e-107
Email 1312,0,1.3105686053080038e-67
Email 1313,1,0.9999994502815445
Email 1314,0,1.9861825739069729e-28
Email 1315,0,7.543750092826404e-31
Email 1316,0,4.826397378362533e-19
Email 1317,1,1.0
Email 1318,0,6.54667021090739e-41
Email 1319,1,1.0
Email 1320,0,1.4010751221131666e-85
Email 1321,0,6.868866747199921e-09
Email 1322,1,1.0
Email 1323,0,1.2527184372640673e-40
Email 1324,0,1.5507368585634377e-09
Email 1325,0,2.9295213120119037e-27
Email 1326,0,5.099627204625557e-63
Email 1327,0,2.4467637310910045e-22
Email 1328,0,1.3446639436229134e-37
Email 1329,0,8.285808326943128e-13
Email 1330,0,4.85486194626955e-35
Email 1331,0,5.137450923762864e-33
Email 1332,1,1.0
Email 1333,1,1.0
Email 1334,0,0.0007415462633030512
Email 1335,0,2.9295213120119037e-27
Email 1336,1,1.0
Email 1337,0,1.0759998170251447e-33
Email 1338,1,1.0
Email 1339,0,1.8645711604270483e-32
Email 1340,1,0.9999999942972408
Email 1341,0,2.2380818024701978e-125
Email 1342,0,5.019952700481894e-37
Email 1343,1,1.0
Email 1344,0,1.1997891166718001e-21
Email 1345,0,1.7893921863981637e-13
Email 1346,1,1.0
Email 1347,1,1.0
Email 1348,0,1.3456436361667953e-37
Email 1349,0,1.715454027167316e-29
Email 1350,0,2.0033490841883297e-24
Email 1351,0,5.685339550745898e-14
Email 1352,1,1.0
Email 1353,0,4.376801289845842e-240
Email 1354,0,4.793968073118306e-55
Email 1355,0,3.26517989906443e-36
Email 1356,1,1.0
Email 1357,0,1.773746269032798e-119
Email 1358,0,1.0219105069089584e-104
Email 1359,0,4.373035814523431e-48
Email 1360,0,1.492408608957447e-34
Email 1361,0,2.9295213120119037e-27
Email 1362,0,1.1035947344381378e-40
Email 1363,0,6.592499607214537e-47
Email 1364,0,1.193456549306446e-134
Email 1365,0,2.2601006604481025e-93
Email 1366,0,5.075719496026407e-46
Email 1367,1,1.0
Email 1368,0,1.0713577218185501e-32
Email 1369,1,1.0
Email 1370,0,1.8046572388402067e-40
Email 1371,1,1.0
Email 1372,1,0.999999999990905
Email 1373,0,2.3293471375996396e-43
Email 1374,0,7.668293343935035e-49
Email 1375,0,3.3215635410538813e-110
Email 1376,0,2.9295213120119037e-27
Email 1377,0,4.63225171971362e-37
Email 1378,1,1.0
Email 1379,0,6.79715295576398e-11
Email 1380,0,2.008627289533261e-05
Email 1381,0,4.046711574793991e-16
Email 1382,0,3.0674382047153824e-08
Email 1383,0,5.7264153663799105e-05
Email 1384,1,1.0
Email 1385,0,1.4843383248782112e-16
Email 1386,0,2.3591434195321864e-25
Email 1387,0,2.9929788468049844e-05
Email 1388,1,1.0
Email 1389,0,0.0003018696378348293
Email 1390,0,0.0015618164881904123
Email 1391,1,1.0
Email 1392,0,4.657202554567668e-60
Email 1393,1,1.0
Email 1394,0,1.9383322391874325e-18
Email 1395,0,1.0759858195555678e-33
Email 1396,0,3.6818285308045504e-128
Email 1397,0,1.715454027167316e-29
Email 1398,0,3.961954185064634e-68
Email 1399,0,2.793188988459656e-243
Email 1400,1,1.0
Email 1401,0,1.107494946506963e-65
Email 1402,0,0.029724556127284328
Email 1403,0,1.0620896886823075e-17
Email 1404,1,0.9999971465485725
Email 1405,1,1.0
Email 1406,0,1.5723300286239785e-32
Email 1407,0,1.1302706735695771e-38
Email 1408,0,1.1204517157958881e-39
Email 1409,1,1.0
Email 1410,0,1.9532670486661497e-30
Email 1411,0,1.715454027167316e-29
Email 1412,0,6.62412334045777e-24
Email 1413,1,1.0
Email 1414,1,1.0
Email 1415,0,8.760314122531553e-128
Email 1416,1,1.0
Email 1417,1,1.0
Email 1418,0,2.2055644306248053e-26
Email 1419,0,2.9193505639561957e-98
Email 1420,1,1.0
Email 1421,1,0.9999999999868123
Email 1422,0,4.493855473584179e-35
Email 1423,1,1.0
Email 1424,0,2.446053476092176e-72
Email 1425,0,2.7904378008926934e-17
Email 1426,0,7.236095602029659e-13
Email 1427,0,8.226393920968812e-46
Email 1428,1,0.9611135598875071
Email 1429,0,3.7321743873010425e-33
Email 1430,1,1.0
Email 1431,0,4.0894842738684737e-13
Email 1432,0,2.9295213120119037e-27
Email 1433,1,1.0
Email 1434,0,1.0246150343896486e-35
Email 1435,1,1.0
Email 1436,0,9.139961648022828e-16
Email 1437,1,1.0
Email 1438,0,2.8628224479876974e-207
Email 1439,0,3.4882196888238896e-51
Email 1440,0,3.6463435220828695e-80
Email 1441,0,4.233596844775377e-16
Email 1442,1,1.0
Email 1443,0,7.761168988196889e-15
Email 1444,0,1.5875639412654482e-35
Email 1445,0,2.7178947377610843e-130
Email 1446,0,3.6032679954380686e-213
Email 1447,0,6.520716882711814e-193
Email 1448,0,1.2956403248131165e-284
Email 1449,0,2.939780589290909e-61
Email 1450,1,1.0
Email 1451,0,5.926397521833477e-63
Email 1452,1,1.0
Email 1453,1,0.999671089804162
Email 1454,1,1.0
Email 1455,0,1.2471665543518516e-40
Email 1456,0,1.7075614880244134e-64
Email 1457,0,2.922761717734433e-27
Email 1458,0,1.0773731061877325e-08
Email 1459,1,1.0
Email 1460,0,2.443241349445015e-07
Email 1461,0,3.5026328048341532e-37
Email 1462,0,2.9295213120119037e-27
Email 1463,0,1.4205344213877759e-27
Email 1464,0,6.100567713851882e-64
Email 1465,0,2.2038506282260504e-31
Email 1466,0,0.017501965161592647
Email 1467,1,0.9999890741438568
Email 1468,0,1.9660340948275003e-71
Email 1469,1,0.9999999999990905
Email 1470,0,2.7938540381516127e-92
Email 1471,1,1.0
Email 1472,0,1.4707422570812278e-187
Email 1473,1,1.0
Email 1474,1,1.0
Email 1475,0,8.266705888430143e-25
Email 1476,0,2.206785339902123e-99
Email 1477,0,3.788874327448411e-30
Email 1478,0,1.23971559604652e-32
Email 1479,0,2.897626643067482e-35
Email 1480,0,3.6180863111514784e-14
Email 1481,0,5.381844300920236e-164
Email 1482,0,6.954692898009209e-50
Email 1483,0,2.7134456477004113e-95
Email 1484,0,3.8005262379676724e-40
Email 1485,0,1.7511916491976992e-127
Email 1486,0,2.7847899329042677e-49
Email 1487,1,0.9999999999995453
Email 1488,0,2.9295213120119037e-27
Email 1489,1,1.0
Email 1490,0,7.291335120610636e-66
Email 1491,0,3.4061596427283026e-224
Email 1492,0,1.2105729575798064e-22
Email 1493,0,4.415210138574326e-40
Email 1494,0,6.368387224059206e-30
Email 1495,1,1.0
Email 1496,0,2.7070228675580995e-32
Email 1497,0,8.751433116108828e-21
Email 1498,0,0.0
Email 1499,1,1.0
Email 1500,1,1.0
Email 1501,0,2.9295213120119037e-27
Email 1502,0,2.5987864986417373e-45
Email 1503,1,1.0
Email 1504,0,7.487959212516073e-49
Email 1505,1,0.9999982414553416
Email 1506,0,5.673169294356811e-38
Email 1507,0,4.963665816827852e-10
Email 1508,1,1.0
Email 1509,0,1.1684442051458288e-216
Email 1510,0,7.564120032795406e-119
Email 1511,1,0.999999999994543
Email 1512,0,4.1662501520740344e-160
Email 1513,1,1.0
Email 1514,0,1.6386787119534279e-19
Email 1515,0,1.6756233721608317e-127
Email 1516,0,5.98493977730713e-111
Email 1517,0,7.588080807846345e-48
Email 1518,0,7.117229461400819e-17
Email 1519,0,2.7279764497425843e-213
Email 1520,0,1.1459304837926956e-44
Email 1521,0,2.5809785701125095e-62
Email 1522,0,2.7481912023611324e-58
Email 1523,1,1.0
Email 1524,0,5.91150441269151e-55
Email 1525,0,2.2402114616077883e-16
Email 1526,0,2.9295213120119037e-27
Email 1527,0,6.434744304768136e-27
Email 1528,0,2.2915345546083842e-108
Email 1529,0,2.7292787340522675e-70
Email 1530,0,5.960910083488229e-123
Email 1531,0,8.374774099843439e-59
Email 1532,0,5.942236393276497e-110
Email 1533,1,1.0
Email 1534,0,2.1068943920250833e-235
Email 1535,1,1.0
Email 1536,1,1.0
Email 1537,0,0.00028048394195654964
Email 1538,0,1.420415795441781e-51
Email 1539,0,1.8188825518484313e-236
Email 1540,1,0.9999999851694384
Email 1541,0,4.716773811923122e-192
Email 1542,0,1.6475709863391146e-44
Email 1543,0,2.840168010702779e-12
Email 1544,1,1.0
Email 1545,1,0.9999721015755267
Email 1546,0,2.8702691785572825e-07
Email 1547,0,2.7084927669383364e-16
Email 1548,0,1.715454027167316e-29
Email 1549,1,1.0
Email 1550,0,4.281535974873031e-27
Email 1551,0,7.513563796247983e-05
Email 1552,0,3.121747666857022e-68
Email 1553,0,1.970192568576917e-64
Email 1554,0,2.8374159205710178e-21
Email 1555,0,4.447451087609869e-19
Email 1556,0,1.2441142173726127e-25
Email 1557,1,0.9833149467544465
Email 1558,0,6.16866538043813e-17
Email 1559,1,1.0
Email 1560,0,4.405701811680774e-12
Email 1561,0,1.0900419674953517e-198
Email 1562,0,2.092696051213081e-47
Email 1563,0,2.6675212882671426e-10
Email 1564,0,1.6085356907704028e-27
Email 1565,0,3.5386552723256065e-30
Email 1566,0,1.1880491137219684e-137
Email 1567,0,1.5318970883938297e-17
Email 1568,0,4.318616367628819e-76
Email 1569,1,1.0
Email 1570,0,2.3562029663812902e-49
Email 1571,0,2.070445924628664e-20
Email 1572,0,4.116011612895442e-65
Email 1573,0,1.0468404737717378e-08
Email 1574,0,9.41918059192832e-30
Email 1575,1,1.0
Email 1576,0,9.711750680795526e-55
Email 1577,0,3.311924127040689e-49
Email 1578,0,2.9369394989397755e-65
Email 1579,0,2.768838949609929e-41
Email 1580,0,1.6085356907704028e-27
Email 1581,1,1.0
Email 1582,0,3.993448857727567e-29
Email 1583,0,5.625935695902237e-36
Email 1584,0,1.1397430179037539e-19
Email 1585,0,7.034317091256279e-122
Email 1586,0,3.428686609219735e-43
Email 1587,0,9.41918059192832e-30
Email 1588,1,1.0
Email 1589,0,5.625935695902237e-36
Email 1590,0,0.0
Email 1591,0,1.2490826680631255e-12
Email 1592,0,9.109485596774337e-44
Email 1593,0,3.555058329849282e-83
Email 1594,0,2.5928184493028133e-35
Email 1595,0,3.626367128942383e-08
Email 1596,0,1.5460225540558785e-06
Email 1597,0,5.204777422827528e-29
Email 1598,0,8.458906139258894e-61
Email 1599,0,1.6405773757783616e-23
Email 1600,0,4.23322971203467e-167
Email 1601,0,1.0205604413819702e-165
Email 1602,1,1.0
Email 1603,0,1.6085356907704028e-27
Email 1604,0,5.625935695902237e-36
Email 1605,0,1.325881269804628e-149
Email 1606,0,0.0
Email 1607,1,1.0
Email 1608,0,2.840999215238328e-103
Email 1609,0,5.98550177144632e-33
Email 1610,0,3.277345214376038e-116
Email 1611,0,9.8003344208105e-41
Email 1612,1,1.0
Email 1613,0,4.1342059458441725e-140
Email 1614,0,3.1483129981772357e-31
Email 1615,1,0.8897194968761944
Email 1616,0,2.681736981247622e-40
Email 1617,0,1.0324648129587011e-17
Email 1618,0,5.625935695902237e-36
Email 1619,1,1.0
Email 1620,0,1.6085356907704028e-27
Email 1621,0,5.314675881648841e-247
Email 1622,0,1.2935901290005313e-32
Email 1623,0,2.1871981068089169e-23
Email 1624,0,3.8789342559248685e-22
Email 1625,0,1.086289712865922e-85
Email 1626,1,1.0
Email 1627,0,1.890098992643932e-60
Email 1628,1,1.0
Email 1629,0,3.755951286008914e-08
Email 1630,0,3.446045564633362e-19
Email 1631,0,1.2121354203396436e-36
Email 1632,1,1.0
Email 1633,1,1.0
Email 1634,0,1.6085356907704028e-27
Email 1635,1,1.0
Email 1636,0,5.625935695902237e-36
Email 1637,0,9.24280596470696e-19
Email 1638,0,1.4388901654790805e-51
Email 1639,0,3.1391114594334267e-15
Email 1640,1,1.0
Email 1641,0,1.0435098809782694e-09
Email 1642,1,0.9999999909696271
Email 1643,0,7.129249092729472e-11
Email 1644,0,2.1051138918264356e-53
Email 1645,0,6.807005548889578e-33
Email 1646,0,3.5527268507497577e-28
Email 1647,0,6.516184020630273e-30
Email 1648,0,4.020643327620412e-49
Email 1649,1,1.0
Email 1650,0,7.19550947378244e-115
Email 1651,0,1.9558167197090366e-93
Email 1652,0,5.913564378847697e-82
Email 1653,0,5.851115637046803e-44
Email 1654,1,1.0
Email 1655,0,7.838587359647909e-27
Email 1656,1,1.0
Email 1657,0,1.5956301158663207e-47
Email 1658,0,9.946790279429172e-17
Email 1659,0,5.670065455804874e-85
Email 1660,1,1.0
Email 1661,1,1.0
Email 1662,1,0.9999999999786269
Email 1663,1,1.0
Email 1664,0,1.6226259932555813e-69
Email 1665,0,2.9692669770786594e-172
Email 1666,1,0.9999999999631655
Email 1667,0,6.203302861588459e-82
Email 1668,0,9.41918059192832e-30
Email 1669,1,0.9999976284649091
Email 1670,1,1.0
Email 1671,1,0.9999999998956355
Email 1672,1,1.0
Email 1673,0,1.6226259932555813e-69
Email 1674,0,1.679736189915983e-73
Email 1675,1,0.9999848779154654
Email 1676,0,7.350470111893268e-14
Email 1677,0,5.568755875919695e-154
Email 1678,1,0.9999998395430922
Email 1679,0,0.029724556127284328
Email 1680,0,1.6085356907704028e-27
Email 1681,0,5.625935695902237e-36
Email 1682,0,1.206498050091922e-63
Email 1683,0,5.204777422827528e-29
Email 1684,0,1.6579848107107668e-32
Email 1685,0,1.7845403358230686e-15
Email 1686,1,1.0
Email 1687,1,0.999999974830644
Email 1688,0,1.6070521740335279e-34
Email 1689,0,0.0
Email 1690,1,1.0
Email 1691,1,1.0
Email 1692,1,1.0
Email 1693,0,1.8813737348248684e-73
Email 1694,1,1.0
Email 1695,0,1.1999647472122538e-33
Email 1696,0,1.6579848107107668e-32
Email 1697,0,1.8813737348248684e-73
Email 1698,0,4.248736212284705e-180
Email 1699,0,5.9223616513618815e-15
Email 1700,0,2.707036051991978e-15
Email 1701,1,0.9993543987839338
Email 1702,0,1.6085356907704028e-27
Email 1703,0,5.625935695902237e-36
Email 1704,0,4.072563846974126e-38
Email 1705,0,0.029724556127284328
Email 1706,0,3.1316107851011866e-59
Email 1707,0,6.924916296644407e-19
Email 1708,1,1.0
Email 1709,0,1.1044021323216024e-39
Email 1710,1,1.0
Email 1711,1,1.0
Email 1712,0,5.1378564191413445e-28
Email 1713,0,1.5616096000386922e-68
Email 1714,0,6.575538173211855e-14
Email 1715,1,1.0
Email 1716,0,2.7055925810039185e-29
Email 1717,1,0.9999999988717718
Email 1718,0,4.2607178417611144e-58
Email 1719,0,1.1835854795345091e-38
Email 1720,1,1.0
Email 1721,0,1.8546998564424185e-101
Email 1722,0,3.141495725478129e-76
Email 1723,1,1.0
Email 1724,0,1.7632178690452516e-260
Email 1725,0,1.4641360653617117e-66
Email 1726,0,2.489695961832267e-66
Email 1727,1,1.0
Email 1728,1,1.0
Email 1729,0,1.0717247201970027e-104
Email 1730,1,0.9999999999681677
Email 1731,0,9.448298974592647e-22
Email 1732,1,0.9998935642103272
Email 1733,0,0.029724556127284328
Email 1734,0,5.204777422827528e-29
Email 1735,1,1.0
Email 1736,1,1.0
Email 1737,0,1.6085356907704028e-27
Email 1738,0,5.625935695902237e-36
Email 1739,1,0.9999999999993179
Email 1740,1,1.0
Email 1741,0,1.976790087963714e-20
Email 1742,1,1.0
Email 1743,0,7.458723796737231e-69
Email 1744,0,3.047347127362018e-49
Email 1745,1,0.9999999989452135
Email 1746,0,1.768950982577683e-173
Email 1747,0,3.240415497624059e-208
Email 1748,1,1.0
Email 1749,0,1.7673634161846903e-35
Email 1750,1,0.9999999975734681
Email 1751,0,3.1602484571649906e-32
Email 1752,1,1.0
Email 1753,1,1.0
Email 1754,1,1.0
Email 1755,0,1.6085356907704028e-27
Email 1756,1,1.0
Email 1757,1,1.0
Email 1758,1,1.0
Email 1759,0,5.625935695902237e-36
Email 1760,1,1.0
Email 1761,0,7.178072924327162e-10
Email 1762,0,3.1527054316338025e-29
Email 1763,1,1.0
Email 1764,0,1.456489531184291e-29
Email 1765,0,2.674198823779851e-23
Email 1766,1,1.0
Email 1767,0,2.575883606553496e-93
Email 1768,0,1.8101615018289622e-147
Email 1769,0,7.269365419270851e-37
Email 1770,0,1.8796177227369058e-38
Email 1771,0,2.4388953927307872e-33
Email 1772,0,1.696833582088432e-24
Email 1773,1,1.0
Email 1774,0,1.6085356907704028e-27
Email 1775,1,1.0
Email 1776,0,1.6579848107107668e-32
Email 1777,0,2.4388953927307872e-33
Email 1778,1,0.9999998370413001
Email 1779,0,6.189039792632281e-57
Email 1780,0,3.8084657186060614e-34
Email 1781,0,0.0
Email 1782,0,1.6085356907704028e-27
Email 1783,0,5.625935695902237e-36
Email 1784,0,4.868538266519522e-295
Email 1785,1,0.9999999999986358
Email 1786,1,1.0
Email 1787,0,6.568573609490016e-155
Email 1788,0,1.1719436271658291e-160
Email 1789,0,5.9935251063212354e-161
Email 1790,0,1.8157697010186953e-165
Email 1791,0,0.0
Email 1792,0,0.0
Email 1793,0,3.545329901039559e-176
Email 1794,1,1.0
Email 1795,0,9.752177754436707e-11
Email 1796,1,1.0
Email 1797,0,2.674198823779851e-23
Email 1798,0,1.3533823696677538e-185
Email 1799,1,1.0
Email 1800,0,5.4200562804187585e-76
Email 1801,1,1.0
Email 1802,0,1.1055758240618375e-39
Email 1803,1,0.9999555189409736
Email 1804,0,5.386707392619498e-20
Email 1805,1,1.0
Email 1806,1,1.0
Email 1807,0,2.6497214844787024e-20
Email 1808,0,1.4235053170028872e-07
Email 1809,1,1.0
Email 1810,0,2.1255742831213715e-20
Email 1811,1,1.0
Email 1812,0,1.089492255385931e-28
Email 1813,1,1.0
Email 1814,0,2.113297160656957e-145
Email 1815,0,1.352871833800088e-85
Email 1816,1,1.0
Email 1817,0,2.1255742831213715e-20
Email 1818,0,5.235687457218087e-26
Email 1819,0,7.702173697873556e-83
Email 1820,0,1.9026378544878118e-189
Email 1821,1,1.0
Email 1822,1,1.0
Email 1823,1,0.9999867387513689
Email 1824,0,1.2608143136969244e-141
Email 1825,1,0.9999830778182786
Email 1826,0,1.0522564825107204e-143
Email 1827,0,1.4087708243231476e-91
Email 1828,0,8.928293615602618e-46
Email 1829,1,0.9999999990618562
Email 1830,0,7.399968695666502e-62
Email 1831,0,1.7018950520797678e-205
Email 1832,0,3.460143659777159e-86
Email 1833,0,6.812537252118994e-34
Email 1834,1,1.0
Email 1835,0,1.964101428773674e-20
Email 1836,0,3.4810380990174465e-34
Email 1837,1,0.9999997589311824
Email 1838,0,3.14982652073541e-140
Email 1839,0,3.367074199791553e-27
Email 1840,0,5.625935695902237e-36
Email 1841,0,3.201037527227735e-245
Email 1842,1,0.9999999994579412
Email 1843,0,2.674198823779851e-23
Email 1844,1,1.0
Email 1845,0,1.1010071516448971e-14
Email 1846,1,1.0
Email 1847,1,1.0
Email 1848,0,3.0345838256298662e-37
Email 1849,1,1.0
Email 1850,1,0.9999999973770173
Email 1851,0,3.367074199791553e-27
Email 1852,0,5.50721273822818e-153
Email 1853,0,1.846160233906531e-42
Email 1854,1,1.0
Email 1855,1,1.0
Email 1856,0,4.72161214758871e-17
Email 1857,0,4.931418083804369e-253
Email 1858,1,1.0
Email 1859,0,2.674198823779851e-23
Email 1860,0,1.0352897751972463e-40
Email 1861,0,6.471974106729361e-196
Email 1862,0,2.927862221684196e-35
Email 1863,1,0.9999999999995453
Email 1864,0,3.367074199791553e-27
Email 1865,0,1.1776513906439544e-35
Email 1866,0,6.444883211287061e-62
Email 1867,0,1.1776513906439544e-35
Email 1868,1,0.908923304853202
Email 1869,0,3.367074199791553e-27
Email 1870,1,1.0
Email 1871,0,1.0428122718635292e-12
Email 1872,0,3.3395126444888014e-22
Email 1873,0,0.0003825912428880663
Email 1874,1,0.9829539030836196
Email 1875,0,1.7548992996818795e-18
Email 1876,0,3.5463303741979052e-37
Email 1877,0,1.4057611715979667e-05
Email 1878,1,0.9996255008927307
Email 1879,1,1.0
Email 1880,0,1.6714308008389826e-78
Email 1881,1,0.9999999069918929
Email 1882,0,0.2843858323190561
Email 1883,0,1.9716739974275075e-29
Email 1884,0,7.752164166387756e-241
Email 1885,0,1.7163027228911736e-214
Email 1886,0,3.4676978543294443e-10
Email 1887,0,1.9675026729826343e-146
Email 1888,0,5.046822990836569e-96
Email 1889,1,0.9999999985905106
Email 1890,0,3.367074199791553e-27
Email 1891,1,0.9999999877924212
Email 1892,0,1.8628441098213516e-41
Email 1893,0,1.775466661252191e-117
Email 1894,0,2.906801931794716e-29
Email 1895,0,3.608282890229953e-102
Email 1896,0,8.359303865123021e-29
Email 1897,1,0.9999999999948841
Email 1898,0,3.367074199791553e-27
Email 1899,1,0.7005492730181229
Email 1900,0,1.0739121789075364e-53
Email 1901,0,6.877593542652522e-275
Email 1902,0,4.8023640485374507e-194
Email 1903,0,6.353347190548326e-110
Email 1904,1,1.0
Email 1905,1,1.0
Email 1906,0,2.674198823779851e-23
Email 1907,0,2.465493526564909e-06
Email 1908,0,1.089492255385931e-28
Email 1909,0,1.6410270156490014e-36
Email 1910,1,1.0
Email 1911,1,1.0
Email 1912,0,5.5244653089446846e-17
Email 1913,0,1.1776513906439544e-35
Email 1914,0,4.0411231336264125e-114
Email 1915,0,3.169748348155707e-160
Email 1916,0,3.3723262857976455e-89
Email 1917,0,6.846503359504656e-154
Email 1918,1,0.9168603946854893
Email 1919,0,5.7173547158078245e-24
Email 1920,0,3.118862326301726e-209
Email 1921,0,4.5188421309420745e-77
Email 1922,0,8.714278461086909e-72
Email 1923,1,0.9571506611344348
Email 1924,0,2.0273317914961684e-32
Email 1925,0,1.1776513906439544e-35
Email 1926,1,1.0
Email 1927,0,3.367074199791553e-27
Email 1928,0,0.0
Email 1929,0,0.0
Email 1930,0,1.5948642367406984e-12
Email 1931,1,0.9938661328983557
Email 1932,0,5.625926894889269e-10
Email 1933,0,1.6925897969806551e-12
Email 1934,0,8.308193731253158e-85
Email 1935,0,9.864638928505658e-14
Email 1936,1,1.0
Email 1937,0,5.800283987615292e-74
Email 1938,0,3.367074199791553e-27
Email 1939,0,1.8471159171235074e-12
Email 1940,0,8.714296509787528e-26
Email 1941,1,0.999956112461336
Email 1942,1,1.0
Email 1943,0,3.2664530374807036e-15
Email 1944,0,2.9392870937749494e-244
Email 1945,0,2.674198823779851e-23
Email 1946,0,1.3779091536283126e-34
Email 1947,0,1.0928650012184775e-36
Email 1948,1,1.0
Email 1949,1,0.9207198820356588
Email 1950,0,4.700775197392497e-16
Email 1951,0,1.949481594941283e-12
Email 1952,1,1.0
Email 1953,0,1.2476245864306663e-37
Email 1954,1,1.0
Email 1955,0,1.3241171840535531e-98
Email 1956,0,1.1860840690182157e-85
Email 1957,1,1.0
Email 1958,0,6.201346744207517e-16
Email 1959,0,3.367074199791553e-27
Email 1960,1,1.0
Email 1961,0,1.1776513906439544e-35
Email 1962,0,5.363063752434308e-38
Email 1963,0,2.1619994764047846e-53
Email 1964,0,2.3932427556037325e-05
Email 1965,0,5.186888466216599e-06
Email 1966,1,1.0
Email 1967,0,3.367074199791553e-27
Email 1968,0,2.3262911278881363e-05
Email 1969,0,1.1776513906439544e-35
Email 1970,1,0.9983667660034037
Email 1971,0,5.186888466216599e-06
Email 1972,0,4.64337708342459e-22
Email 1973,1,1.0
Email 1974,0,3.904200129744154e-89
Email 1975,0,4.354780059765086e-30
Email 1976,0,1.7513316132394657e-28
Email 1977,0,7.37702172833225e-13
Email 1978,1,1.0
Email 1979,0,1.295464824857161e-40
Email 1980,0,2.674198823779851e-23
Email 1981,1,1.0
Email 1982,0,5.641169575352642e-34
Email 1983,0,3.367074199791553e-27
Email 1984,0,2.644035944621371e-82
Email 1985,1,0.9999906040316978
Email 1986,1,0.9999985561204504
Email 1987,0,0.0
Email 1988,0,0.0
Email 1989,0,0.0
Email 1990,0,0.0
Email 1991,0,2.393078967057146e-120
Email 1992,0,1.3108015955248632e-221
Email 1993,1,0.8230695470397424
Email 1994,0,2.615060840536328e-124
Email 1995,0,3.296822740235445e-111
Email 1996,1,1.0
Email 1997,1,1.0
Email 1998,0,1.246273466935677e-27
Email 1999,0,2.9539259813687067e-70
Email 2000,1,0.9999999817143819
Email 2001,0,2.087359675874506e-64
Email 2002,1,1.0
Email 2003,0,3.367074199791553e-27
Email 2004,0,1.1776513906439544e-35
Email 2005,0,1.165309301574625e-06
Email 2006,1,1.0
Email 2007,0,2.801840446737166e-285
Email 2008,0,1.623681872491364e-138
Email 2009,0,0.0002822155907530271
Email 2010,0,5.808029596695997e-238
Email 2011,0,2.6580538909655787e-72
Email 2012,1,0.9999999944855062
Email 2013,0,3.367074199791553e-27
Email 2014,1,1.0
Email 2015,0,2.542963293495211e-34
Email 2016,0,9.90087997008485e-66
Email 2017,0,2.05436201900309e-288
Email 2018,1,1.0
Email 2019,0,1.705703648772458e-24
Email 2020,0,3.367074199791553e-27
Email 2021,1,0.9999999999891998
Email 2022,0,8.515609780101096e-34
Email 2023,0,3.983094501599708e-16
Email 2024,1,1.0
Email 2025,0,7.221212303221893e-17
Email 2026,1,1.0
Email 2027,0,3.460581152476087e-56
Email 2028,0,0.2928774820718934
Email 2029,0,6.153634920703418e-126
Email 2030,1,1.0
Email 2031,0,1.3590356678219105e-88
Email 2032,0,4.077123805541257e-32
Email 2033,0,6.661229431148603e-39
Email 2034,0,2.0509268312754982e-109
Email 2035,0,1.518135065373238e-50
Email 2036,0,2.9657121512440744e-231
Email 2037,0,4.63672442032799e-61
Email 2038,0,4.005444229431541e-83
Email 2039,0,3.283273782964452e-25
Email 2040,1,0.9999971349119622
Email 2041,0,3.805076387797751e-102
Email 2042,1,0.9999999977491143
Email 2043,0,3.367074199791553e-27
Email 2044,0,8.515609780101096e-34
Email 2045,1,1.0
Email 2046,0,4.7992358250649807e-17
Email 2047,0,0.007799493983972053
Email 2048,0,4.005444229431541e-83
Email 2049,0,3.283273782964452e-25
Email 2050,0,4.942385833445823e-126
Email 2051,1,1.0
Email 2052,1,1.0
Email 2053,0,2.6375017898649154e-31
Email 2054,0,2.002205003323666e-35
Email 2055,1,1.0
Email 2056,0,9.996877339226164e-77
Email 2057,0,6.791889846668504e-154
Email 2058,0,2.776894565867074e-204
Email 2059,0,1.6158258858209543e-49
Email 2060,1,1.0
Email 2061,0,1.907944976100046e-79
Email 2062,0,1.975100737728261e-110
Email 2063,0,3.2311856130765004e-23
Email 2064,1,1.0
Email 2065,0,6.548764535102777e-42
Email 2066,0,0.0
Email 2067,0,1.8151519384282548e-17
Email 2068,0,3.367074199791553e-27
Email 2069,0,8.515609780101096e-34
Email 2070,0,4.7289479839897336e-169
Email 2071,1,0.9999999999929514
Email 2072,0,1.8151519384282548e-17
Email 2073,1,0.9999999999681677
Email 2074,0,1.9254204773301287e-66
Email 2075,0,0.029724556127284328
Email 2076,0,2.7281567980286393e-140
Email 2077,0,7.21353913946532e-230
Email 2078,1,1.0
Email 2079,0,1.5549274451913076e-194
Email 2080,0,1.6954774314587162e-13
Email 2081,1,0.9999999939457211
Email 2082,0,8.853192816558503e-08
Email 2083,1,0.9964034892073825
Email 2084,0,1.667461582354393e-67
Email 2085,0,2.440038827603432e-27
Email 2086,0,3.841208639122284e-86
Email 2087,1,1.0
Email 2088,0,7.396473147687986e-94
Email 2089,0,2.7184974049535545e-07
Email 2090,0,5.653192491910946e-19
Email 2091,0,2.755416232254178e-35
Email 2092,1,1.0
Email 2093,0,4.697176828264537e-194
Email 2094,1,1.0
Email 2095,0,3.367074199791553e-27
Email 2096,0,4.713480484544835e-108
Email 2097,1,0.9778177764805882
Email 2098,0,2.440038827603432e-27
Email 2099,0,3.841208639122284e-86
Email 2100,0,7.396473147687986e-94
Email 2101,0,2.7184974049535545e-07
Email 2102,1,0.9999999527635748
Email 2103,0,7.901918462597963e-56
Email 2104,0,4.9147054775915804e-26
Email 2105,1,1.0
Email 2106,0,7.515310504580556e-28
Email 2107,0,8.515609780101096e-34
Email 2108,0,7.954471260271126e-08
Email 2109,0,0.0
Email 2110,1,1.0
Email 2111,1,1.0
Email 2112,0,6.462828396613672e-56
Email 2113,0,6.905657385323185e-61
Email 2114,0,6.899495046423463e-85
Email 2115,1,0.999999995004373
Email 2116,0,2.8368055564130136e-06
Email 2117,1,0.7801406763312607
Email 2118,0,0.1039120463613543
Email 2119,0,1.3527242700096022e-151
Email 2120,1,0.9999999999990905
Email 2121,0,4.6684363786369665e-18
Email 2122,1,1.0
Email 2123,1,0.7458747068083196
Email 2124,0,1.3352674820648048e-83
Email 2125,0,2.093624301840655e-29
Email 2126,0,5.768238508034561e-43
Email 2127,1,1.0
Email 2128,0,1.0689033218978245e-52
Email 2129,0,6.965684177277227e-127
Email 2130,0,3.318364940008032e-28
Email 2131,0,8.515609780101096e-34
Email 2132,1,0.9999999998535714
Email 2133,0,1.3527242700096022e-151
Email 2134,0,4.6684363786369665e-18
Email 2135,0,1.3352674820648048e-83
Email 2136,0,2.093624301840655e-29
Email 2137,0,5.768238508034561e-43
Email 2138,0,1.0689033218978245e-52
Email 2139,0,1.4256143294948334e-110
Email 2140,1,1.0
Email 2141,0,7.219057546280475e-33
Email 2142,0,1.3750633443409206e-23
Email 2143,0,0.0
Email 2144,0,0.4713976324197052
Email 2145,0,5.930634332549542e-110
Email 2146,1,1.0
Email 2147,0,6.349691821632678e-206
Email 2148,1,1.0
Email 2149,0,1.9137581542219116e-137
Email 2150,0,4.978803429727164e-42
Email 2151,0,1.2791751882032887e-05
Email 2152,0,1.0745826000359453e-36
Email 2153,0,0.35913384459116887
Email 2154,0,2.2781849684809487e-108
Email 2155,0,1.2819369123595437e-30
Email 2156,0,1.8242423127035787e-32
Email 2157,0,6.228752894585389e-92
Email 2158,1,0.7458747068083196
Email 2159,1,0.9999963314889088
Email 2160,0,2.3185840988092633e-20
Email 2161,0,3.965463006513693e-239
Email 2162,0,7.244578737757248e-243
Email 2163,1,1.0
Email 2164,0,5.6386272756406684e-73
Email 2165,1,0.9778177764805882
Email 2166,0,1.4221009456015092e-95
Email 2167,1,0.8118761297390251
Email 2168,0,8.7052844484395e-14
Email 2169,0,1.025540192668499e-26
Email 2170,0,1.2171131772927916e-38
Email 2171,0,8.717544857002236e-173
Email 2172,1,1.0
Email 2173,0,2.540536637511269e-87
Email 2174,0,3.926936210250902e-09
Email 2175,0,0.029724556127284328
Email 2176,0,3.3650783951914615e-21
Email 2177,0,7.869879353078986e-34
Email 2178,0,1.0154006264997646e-42
Email 2179,1,1.0
Email 2180,1,0.8195707442964816
Email 2181,0,3.318364940008032e-28
Email 2182,1,1.0
Email 2183,0,9.75515547983303e-22
Email 2184,0,2.6160251591244233e-15
Email 2185,1,1.0
Email 2186,0,3.662103140275891e-42
Email 2187,1,1.0
Email 2188,0,1.1365891190475092e-18
Email 2189,0,1.4274744683490624e-18
Email 2190,0,1.025540192668499e-26
Email 2191,0,3.586879178759266e-35
Email 2192,1,1.0
Email 2193,0,3.1369456872825596e-50
Email 2194,1,0.999999944046978
Email 2195,1,1.0
Email 2196,0,4.6568662799972387e-70
Email 2197,0,6.181095598977987e-123
Email 2198,1,1.0
Email 2199,0,6.951777688790333e-295
Email 2200,0,1.123574160632623e-211
Email 2201,1,1.0
Email 2202,0,3.318364940008032e-28
Email 2203,0,1.9644093001887518e-75
Email 2204,0,1.025540192668499e-26
Email 2205,0,1.0544584365318596e-30
Email 2206,1,1.0
Email 2207,0,1.1873501672513576e-46
Email 2208,0,1.5005540083498908e-63
Email 2209,1,1.0
Email 2210,0,8.835751472106932e-11
Email 2211,1,1.0
Email 2212,0,1.4930552838570607e-205
Email 2213,0,3.386165418733017e-52
Email 2214,0,4.644372753842114e-32
Email 2215,1,1.0
Email 2216,0,1.3126224942942955e-06
Email 2217,1,0.7816195645648562
Email 2218,1,0.9999999974925231
Email 2219,0,3.926555521202791e-219
Email 2220,0,7.352325005960576e-171
Email 2221,0,6.585635143402271e-116
Email 2222,1,1.0
Email 2223,0,2.5936761640461567e-33
Email 2224,0,1.025540192668499e-26
Email 2225,1,1.0
Email 2226,0,5.58573100933266e-26
Email 2227,1,1.0
Email 2228,0,9.945284020013128e-39
Email 2229,1,1.0
Email 2230,0,2.1025775449974097e-22
Email 2231,1,1.0
Email 2232,0,2.521489217046103e-28
Email 2233,0,7.298559209082086e-07
Email 2234,1,1.0
Email 2235,0,5.8344129054267266e-117
Email 2236,0,9.1947293838827e-08
Email 2237,0,2.5936761640461567e-33
Email 2238,0,1.025540192668499e-26
Email 2239,0,1.634922963097696e-19
Email 2240,0,7.146570651380867e-13
Email 2241,1,0.7871479768949564
Email 2242,0,0.35913384459116887
Email 2243,0,1.025540192668499e-26
Email 2244,0,3.0284361217517787e-19
Email 2245,0,1.9686985633054546e-42
Email 2246,0,4.887779970654601e-87
Email 2247,1,1.0
Email 2248,1,1.0
Email 2249,0,3.756223686392462e-09
Email 2250,0,0.0005150607946659171
Email 2251,0,1.0648570437215393e-33
Email 2252,0,2.073347378474766e-36
Email 2253,0,1.0952032178520966e-21
Email 2254,1,1.0
Email 2255,1,1.0
Email 2256,0,1.3719721996294065e-28
Email 2257,0,0.309770382437564
Email 2258,1,1.0
Email 2259,0,6.495016758175203e-27
Email 2260,0,5.560091039919042e-69
Email 2261,0,2.451506589341297e-34
Email 2262,1,1.0
Email 2263,1,1.0
Email 2264,0,2.2255504103630282e-141
Email 2265,1,1.0
Email 2266,0,2.2552452090565854e-42
Email 2267,0,1.025540192668499e-26
Email 2268,1,1.0
Email 2269,0,2.4408992079683e-37
Email 2270,1,1.0
Email 2271,0,0.2928774820718934
Email 2272,0,3.047426826134408e-83
Email 2273,0,1.6685275330185232e-108
Email 2274,0,1.3019104023271223e-26
Email 2275,1,1.0
Email 2276,0,1.2660467978711904e-104
Email 2277,0,9.048333253891651e-21
Email 2278,0,2.2071108406558484e-13
Email 2279,0,1.2609656354724095e-30
Email 2280,1,1.0
Email 2281,1,1.0
Email 2282,0,6.698429305615558e-25
Email 2283,1,1.0
Email 2284,0,1.025540192668499e-26
Email 2285,1,0.7122916134203363
Email 2286,0,9.75515547983303e-22
Email 2287,1,1.0
Email 2288,0,1.2609656354724095e-30
Email 2289,0,6.698429305615558e-25
Email 2290,1,1.0
Email 2291,0,2.833349147546196e-52
Email 2292,0,1.025540192668499e-26
Email 2293,1,1.0
Email 2294,0,3.564095961024504e-122
Email 2295,0,2.5936761640461567e-33
Email 2296,1,0.8464403641465932
Email 2297,0,2.674198823779851e-23
Email 2298,0,1.0625119620203444e-15
Email 2299,0,4.17261235891895e-91
Email 2300,0,2.537555895503883e-21
Email 2301,1,1.0
Email 2302,0,0.0851513060008413
Email 2303,0,3.6074903908890976e-10
Email 2304,1,1.0
Email 2305,0,2.38896048792339e-25
Email 2306,0,1.3487741412273911e-108
Email 2307,0,2.6285182154252253e-36
Email 2308,0,1.025540192668499e-26
Email 2309,0,4.839937092651952e-65
Email 2310,0,1.3487741412273911e-108
Email 2311,0,0.0007469769543909452
Email 2312,0,8.545942231405301e-45
Email 2313,0,1.9913697700441137e-28
Email 2314,0,3.12341418650622e-11
Email 2315,0,5.461287672328344e-76
Email 2316,0,2.0636666911851952e-250
Email 2317,0,1.6035888577996082e-132
Email 2318,0,6.76737753320213e-35
Email 2319,1,0.9997242057247439
Email 2320,0,1.5689699957600103e-104
Email 2321,0,7.515310504580556e-28
Email 2322,1,1.0
Email 2323,0,4.169576021320591e-26
Email 2324,1,1.0
Email 2325,0,7.213644719475597e-21
Email 2326,0,2.853933675040782e-51
Email 2327,0,4.644372753842114e-32
Email 2328,0,1.3955517514956577e-12
Email 2329,0,2.924843944592224e-94
Email 2330,0,5.319365575627976e-36
Email 2331,0,2.1077721032904673e-84
Email 2332,0,1.3955517514956577e-12
Email 2333,1,1.0
Email 2334,0,2.924843944592224e-94
Email 2335,0,4.095072539186023e-52
Email 2336,0,1.069862543974479e-59
Email 2337,0,4.311006269183496e-57
Email 2338,1,0.9911509325755364
Email 2339,0,3.3624738820824265e-34
Email 2340,1,1.0
Email 2341,0,8.681110304091503e-36
Email 2342,1,1.0
Email 2343,0,1.5878357973596805e-79
Email 2344,0,5.130590118221674e-149
Email 2345,0,6.513321698288449e-31
Email 2346,0,8.715115252852547e-30
Email 2347,1,1.0
Email 2348,0,0.040880704918965546
Email 2349,0,5.185960949773912e-76
Email 2350,0,1.5878357973596805e-79
Email 2351,0,5.130590118221674e-149
Email 2352,1,0.9999999999272404
Email 2353,1,1.0
Email 2354,1,0.9999999331960248
Email 2355,0,3.4767467626593014e-35
Email 2356,0,8.135240378128342e-27
Email 2357,0,1.3061756916734242e-17
Email 2358,1,1.0
Email 2359,0,3.937060452911682e-26
Email 2360,0,1.826363172945559e-45
Email 2361,0,4.9902314132941836e-29
Email 2362,1,0.99831248565277
Email 2363,0,6.513321698288449e-31
Email 2364,1,1.0
Email 2365,1,0.9999999999422471
Email 2366,0,3.2864517359223194e-36
Email 2367,1,0.9999999999422471
Email 2368,0,9.094009818343682e-161
Email 2369,0,1.2029543653626363e-75
Email 2370,0,4.131486885054107e-206
Email 2371,1,1.0
Email 2372,0,1.3777743561395999e-08
Email 2373,0,1.1931909376319088e-41
Email 2374,1,1.0
Email 2375,0,1.025540192668499e-26
Email 2376,0,5.689808549686759e-25
Email 2377,1,1.0
Email 2378,0,2.889756617280686e-53
Email 2379,0,2.8094985189552635e-82
Email 2380,0,2.325260172950302e-180
Email 2381,1,1.0
Email 2382,0,3.249384501605948e-109
Email 2383,0,3.7451662815941165e-296
Email 2384,0,1.1931909376319088e-41
Email 2385,0,7.003943608139889e-51
Email 2386,0,5.322156073450539e-26
Email 2387,0,2.76541011066577e-33
Email 2388,0,4.824117496544344e-127
Email 2389,0,4.3804170100994994e-20
Email 2390,0,2.4396824735614075e-32
Email 2391,1,0.947763996509352
Email 2392,0,1.1990027773006666e-139
Email 2393,0,5.178279783060586e-29
Email 2394,0,7.475602578606698e-05
Email 2395,0,4.025793417371454e-146
Email 2396,0,5.689808549686759e-25
Email 2397,0,1.025540192668499e-26
Email 2398,1,1.0
Email 2399,1,1.0
Email 2400,0,2.5543074734436206e-115
Email 2401,0,4.3804170100994994e-20
Email 2402,0,2.4396824735614075e-32
Email 2403,1,0.9969377184842019
Email 2404,0,1.1990027773006666e-139
Email 2405,0,5.178279783060586e-29
Email 2406,1,1.0
Email 2407,0,4.025793417371454e-146
Email 2408,1,0.9846816210210755
Email 2409,0,1.461616437826313e-33
Email 2410,1,1.0
Email 2411,0,1.8918926038271897e-22
Email 2412,0,2.3088605061747715e-38
Email 2413,0,3.767824380801746e-25
Email 2414,0,2.9625246083948404e-82
Email 2415,0,6.461207686698824e-34
Email 2416,1,1.0
Email 2417,1,0.9964034892073825
Email 2418,0,9.155677909466287e-81
Email 2419,0,1.1504272780742512e-29
Email 2420,0,3.8507450423259246e-11
Email 2421,1,1.0
Email 2422,0,3.491187030610061e-49
Email 2423,1,1.0
Email 2424,0,1.1724420373823888e-17
Email 2425,0,6.729699788317867e-16
Email 2426,0,6.834923103365744e-156
Email 2427,0,9.478755669189638e-105
Email 2428,0,1.7009821417674596e-28
Email 2429,0,1.5322193275753537e-46
Email 2430,1,1.0
Email 2431,0,1.4142835374001122e-40
Email 2432,0,1.9298303477766506e-24
Email 2433,0,0.016674569506699682
Email 2434,0,3.48849226187308e-200
Email 2435,1,0.9992194709575999
Email 2436,0,5.077854613715478e-12
Email 2437,1,1.0
Email 2438,0,2.0916764147932786e-143
Email 2439,0,2.6288103579414274e-102
Email 2440,0,2.674198823779851e-23
Email 2441,0,0.0
Email 2442,1,1.0
Email 2443,0,1.3895369408311242e-27
Email 2444,0,4.062761290138417e-37
Email 2445,0,1.9298303477766506e-24
Email 2446,0,6.501397185464338e-32
Email 2447,1,1.0
Email 2448,0,5.94847317667904e-30
Email 2449,0,0.0
Email 2450,0,4.841846206275376e-20
Email 2451,0,1.2691955520163424e-09
Email 2452,1,1.0
Email 2453,0,3.803488875877337e-17
Email 2454,0,2.127238599679237e-112
Email 2455,1,0.9999999997869509
Email 2456,0,1.0653973553806829e-34
Email 2457,0,1.5137775087806025e-202
Email 2458,1,0.6941090051740524
Email 2459,0,2.1415528027764282e-31
Email 2460,0,1.4142835374001122e-40
Email 2461,0,1.9298303477766506e-24
Email 2462,1,0.9997094971762246
Email 2463,0,1.1345169297280916e-133
Email 2464,0,2.127238599679237e-112
Email 2465,0,1.0653973553806829e-34
Email 2466,1,0.9999999999990905
Email 2467,0,1.5137775087806025e-202
Email 2468,0,0.016842726614160492
Email 2469,0,2.1415528027764282e-31
Email 2470,1,1.0
Email 2471,0,8.747046253887984e-40
Email 2472,1,0.9999999957447017
Email 2473,0,4.6574972664211944e-30
Email 2474,0,0.02770175231909185
Email 2475,1,0.9999999999995453
Email 2476,0,1.4142835374001122e-40
Email 2477,0,1.9298303477766506e-24
Email 2478,0,6.978144708658116e-44
Email 2479,0,2.940192253338552e-46
Email 2480,1,1.0
Email 2481,0,1.3559558897962593e-99
Email 2482,0,8.628393417006778e-36
Email 2483,1,0.9969377184842019
Email 2484,1,1.0
Email 2485,0,1.8094885413564767e-48
Email 2486,0,2.4788836060300107e-76
Email 2487,0,7.877992079919637e-55
Email 2488,1,0.8953271639228306
Email 2489,0,8.750647565486567e-19
Email 2490,0,0.28445216062606415
Email 2491,1,0.9999999999990905
Email 2492,0,0.0
Email 2493,0,6.521067823466779e-50
Email 2494,0,5.456276917128493e-130
Email 2495,1,0.7305771127107603
Email 2496,0,6.710807390933588e-10
Email 2497,0,2.5001129280546516e-28
Email 2498,1,1.0
Email 2499,0,4.6619171534259104e-36
Email 2500,0,0.0045806804229989164
Email 2501,0,6.521067823466779e-50
Email 2502,0,5.456276917128493e-130
Email 2503,0,6.710807390933588e-10
Email 2504,0,1.8387264590352836e-55
Email 2505,1,0.9999999998517524
Email 2506,0,4.305185785818947e-12
Email 2507,0,6.234737292708517e-43
Email 2508,1,1.0
Email 2509,0,8.675968882093224e-23
Email 2510,0,2.5001129280546516e-28
Email 2511,1,1.0
Email 2512,1,1.0
Email 2513,0,8.094513200728925e-28
Email 2514,1,0.9999999999990905
Email 2515,0,2.404189665254753e-283
Email 2516,0,8.675968882093224e-23
Email 2517,0,1.293148919883173e-36
Email 2518,1,0.9274796907217694
Email 2519,0,0.336326719880412
Email 2520,1,1.0
Email 2521,0,2.5001129280546516e-28
Email 2522,1,0.9999977306429911
Email 2523,0,1.9686985633054546e-42
Email 2524,0,5.8535103507604344e-06
Email 2525,0,2.3404058834465473e-45
Email 2526,1,0.999999999994543
Email 2527,0,2.504532078942926e-249
Email 2528,0,1.629091327979947e-125
Email 2529,0,0.05588697581099108
Email 2530,0,0.42717576611299496
Email 2531,0,2.5001129280546516e-28
Email 2532,0,2.3404058834465473e-45
Email 2533,0,9.905688273156986e-09
Email 2534,0,3.411129747886308e-162
Email 2535,1,0.5819210694771965
Email 2536,0,1.1930551627439774e-240
Email 2537,0,7.8444036831515e-185
Email 2538,0,1.1324967934576232e-128
Email 2539,1,0.9969377184842019
Email 2540,1,1.0
Email 2541,0,5.898925997323368e-25
Email 2542,0,3.067741133730497e-225
Email 2543,0,2.607091849794049e-186
Email 2544,0,8.094513200728925e-28
Email 2545,0,9.256652642709797e-56
Email 2546,0,3.067741133730497e-225
Email 2547,0,2.607091849794049e-186
Email 2548,0,4.4987028997054956e-285
Email 2549,1,1.0
Email 2550,0,8.175801489523691e-56
Email 2551,0,2.4664333924378655e-132
Email 2552,1,1.0
Email 2553,0,1.1566044251475149e-22
Email 2554,1,1.0
Email 2555,1,0.9999999999824922
Email 2556,0,1.9354884765948316e-84
Email 2557,1,1.0
Email 2558,0,9.503778924065072e-25
Email 2559,0,3.535608792391147e-55
Email 2560,0,1.807834327768166e-26
Email 2561,0,1.9354884765948316e-84
Email 2562,1,1.0
Email 2563,0,9.503778924065072e-25
Email 2564,0,3.535608792391147e-55
Email 2565,0,2.1703487402361954e-285
Email 2566,1,1.0
Email 2567,0,9.378631057978257e-40
Email 2568,1,1.0
Email 2569,0,3.571915969352517e-13
Email 2570,1,0.9999999996548468
Email 2571,0,4.371366205618948e-43
Email 2572,0,2.2838802189357637e-46
Email 2573,0,6.379600559338694e-28
Email 2574,0,0.0022794203628340127
Email 2575,1,1.0
Email 2576,0,1.807834327768166e-26
Email 2577,0,1.4890803078772673e-209
Email 2578,0,1.650718647514801e-42
Email 2579,0,5.804071026005316e-45
Email 2580,1,1.0
Email 2581,1,1.0
Email 2582,0,4.171045421336572e-41
Email 2583,1,0.999940277210911
Email 2584,0,6.379600559338694e-28
Email 2585,1,1.0
Email 2586,0,3.147097571223399e-142
Email 2587,0,4.250704130693358e-18
Email 2588,0,2.55217117291477e-42
Email 2589,0,2.1230595033336466e-11
Email 2590,1,1.0
Email 2591,0,5.518235503928204e-113
Email 2592,0,1.1335286123577206e-61
Email 2593,0,7.587217141431234e-06
Email 2594,0,6.906774841069045e-43
Email 2595,1,0.9999999999781721
Email 2596,1,1.0
Email 2597,0,1.854845142726609e-28
Email 2598,0,1.807834327768166e-26
Email 2599,0,1.488082040207039e-53
Email 2600,0,1.5586187270530519e-117
Email 2601,0,2.5919809185339693e-140
Email 2602,0,1.1748475303805122e-33
Email 2603,1,0.9999999999961346
Email 2604,0,0.004983503773399236
Email 2605,0,0.000683103252254213
Email 2606,0,4.766668273678427e-27
Email 2607,0,1.807834327768166e-26
Email 2608,0,0.0
Email 2609,0,0.0
Email 2610,0,0.0
Email 2611,0,7.864786533812548e-37
Email 2612,1,0.999583550137025
Email 2613,0,3.5896700581629236e-18
Email 2614,0,1.068022260887169e-07
Email 2615,1,0.9999990831437
Email 2616,1,0.5542051413720556
Email 2617,0,2.619161004488796e-29
Email 2618,0,9.256652642709797e-56
Email 2619,0,0.0
Email 2620,0,1.1312383470296108e-241
Email 2621,1,1.0
Email 2622,1,0.9864100754437795
Email 2623,0,3.78015300755263e-140
Email 2624,0,3.5896700581629236e-18
Email 2625,0,1.9053652095234632e-31
Email 2626,1,0.9999982158066701
Email 2627,1,0.9999999999708962
Email 2628,0,1.1587076757837536e-45
Email 2629,1,0.9904449018176703
Email 2630,0,9.949305772363298e-71
Email 2631,1,1.0
Email 2632,0,1.3798031807594365e-35
Email 2633,0,8.094513200728925e-28
Email 2634,0,8.634499297136115e-23
Email 2635,0,2.110387469405073e-149
Email 2636,0,4.641444439664593e-11
Email 2637,0,1.0700434351502904e-49
Email 2638,1,1.0
Email 2639,0,1.968493366266006e-80
Email 2640,0,1.8363090199955804e-131
Email 2641,0,2.93897018882359e-34
Email 2642,1,0.9999670814577214
Email 2643,0,0.0
Email 2644,0,2.2351969279928125e-39
Email 2645,1,1.0
Email 2646,0,5.699209383538681e-134
Email 2647,1,1.0
Email 2648,0,1.2676256814142038e-31
Email 2649,1,1.0
Email 2650,0,7.110657340003838e-92
Email 2651,0,1.3147247452521143e-40
Email 2652,1,1.0
Email 2653,0,4.920835308116155e-23
Email 2654,0,2.8037451809149544e-59
Email 2655,0,2.587751643685945e-105
Email 2656,0,3.9194450588378004e-104
Email 2657,0,8.094513200728925e-28
Email 2658,1,0.9894965788780403
Email 2659,0,8.634499297136115e-23
Email 2660,1,0.9999999875165032
Email 2661,0,7.148588379616396e-77
Email 2662,1,0.9916768603339209
Email 2663,0,4.7539266554132434e-32
Email 2664,0,4.920835308116155e-23
Email 2665,0,6.310397862773451e-13
Email 2666,0,1.7809993511548078e-50
Email 2667,0,1.1425621571768311e-39
Email 2668,0,0.004498862903174253
Email 2669,0,2.1686287805714271e-35
Email 2670,1,0.9999999999693046
Email 2671,0,1.807834327768166e-26
Email 2672,0,8.094513200728925e-28
Email 2673,1,1.0
Email 2674,0,6.223078637437351e-113
Email 2675,0,8.425106756650438e-51
Email 2676,0,3.4077976695240502e-59
Email 2677,1,0.8850302156088057
Email 2678,0,0.00018875905682743782
Email 2679,0,8.634499297136115e-23
Email 2680,0,0.35913384459116887
Email 2681,1,0.9904449018176703
Email 2682,1,0.9599006609854099
Email 2683,0,1.694775612027165e-31
Email 2684,0,3.9373578842108916e-16
Email 2685,0,1.185868854637036e-134
Email 2686,1,1.0
Email 2687,0,5.227912283294162e-157
Email 2688,0,1.8202960602493077e-40
Email 2689,0,1.9328705914641383e-21
Email 2690,0,5.590198010277573e-45
Email 2691,0,9.840817646490454e-66
Email 2692,1,1.0
Email 2693,0,2.8401088012604995e-41
Email 2694,0,1.0367523508222976e-14
Email 2695,0,1.2504886891553265e-57
Email 2696,0,1.9625700911211255e-37
Email 2697,1,0.9999999779638531
Email 2698,1,0.999999999994543
Email 2699,0,7.523385537000907e-22
Email 2700,0,2.825783587646774e-31
Email 2701,0,2.619161004488796e-29
Email 2702,1,0.9999999876458788
Email 2703,0,1.0085317071995248e-44
Email 2704,0,8.262302165247868e-23
Email 2705,1,1.0
Email 2706,0,1.2262351987915348e-23
Email 2707,1,1.0
Email 2708,0,1.7894166034622922e-25
Email 2709,1,0.9999999999508873
Email 2710,0,0.0002929409646318366
Email 2711,1,1.0
Email 2712,0,4.2670044876377015e-129
Email 2713,0,0.0015403045236430958
Email 2714,0,6.546383663648214e-14
Email 2715,1,0.9999999999940883
Email 2716,1,1.0
Email 2717,0,6.391887729164312e-56
Email 2718,0,1.2182117419912815e-12
Email 2719,0,2.6290570791774317e-17
Email 2720,1,0.9999910919872262
Email 2721,0,3.5673602571735504e-15
Email 2722,0,0.2928774820718934
Email 2723,0,1.8871284549984487e-29
Email 2724,1,0.9999999998599378
Email 2725,0,1.6235638444072175e-28
Email 2726,1,0.801094409605283
Email 2727,0,1.1805000408845607e-92
Email 2728,0,5.884949343475984e-17
Email 2729,0,1.0045168849073239e-28
Email 2730,0,6.546383663648214e-14
Email 2731,1,1.0
Email 2732,0,7.903890850310548e-53
Email 2733,1,1.0
Email 2734,0,8.795686372031118e-104
Email 2735,1,0.9948944323830514
Email 2736,0,4.3700420550936247e-38
Email 2737,0,1.213018904636045e-113
Email 2738,0,2.6814417483402022e-98
Email 2739,1,0.8550144174443425
Email 2740,0,8.919137213539004e-210
Email 2741,1,1.0
Email 2742,0,0.00027967134820288986
Email 2743,0,1.874523033104094e-46
Email 2744,1,1.0
Email 2745,0,1.1194591833343474e-26
Email 2746,1,0.9999999999220108
Email 2747,1,1.0
Email 2748,0,2.1532348960095322e-11
Email 2749,0,1.4489709548763139e-80
Email 2750,0,2.4401246031854412e-279
Email 2751,1,0.9999999948040568
Email 2752,1,0.9999997053105724
Email 2753,0,0.0
Email 2754,0,4.820754335268369e-289
Email 2755,1,1.0
Email 2756,1,0.9096848114155488
Email 2757,0,7.195085310354373e-216
Email 2758,0,3.8313741144133226e-31
Email 2759,0,4.5161522159829007e-26
Email 2760,0,1.807834327768166e-26
Email 2761,0,1.0629355507317339e-37
Email 2762,0,1.8056666474808167e-176
Email 2763,1,1.0
Email 2764,1,0.601372861536165
Email 2765,0,9.257775910896202e-08
Email 2766,0,4.5161522159829007e-26
Email 2767,1,0.9999999995507096
Email 2768,0,1.5397882585876268e-97
Email 2769,1,1.0
Email 2770,1,0.9999999497704278
Email 2771,0,3.9458271035667227e-29
Email 2772,0,1.2476935561004152e-27
Email 2773,0,1.7087833038302188e-63
Email 2774,0,1.1694417939873653e-31
Email 2775,1,0.9826439062742702
Email 2776,0,1.4292541886631225e-49
Email 2777,0,5.8615746765808186e-61
Email 2778,0,2.173508786026024e-58
Email 2779,0,2.1828351995193606e-127
Email 2780,0,1.0016480272069972e-167
Email 2781,1,0.9088612288155609
Email 2782,0,8.705619103928483e-206
Email 2783,1,1.0
Email 2784,1,0.9999999998453859
Email 2785,1,1.0
Email 2786,0,9.70150406336679e-32
Email 2787,1,1.0
Email 2788,0,2.522248228876653e-28
Email 2789,0,1.6727150789256304e-111
Email 2790,0,3.370279814732249e-169
Email 2791,0,1.598111052472526e-07
Email 2792,0,4.119257601696626e-34
Email 2793,0,1.7876289618421718e-39
Email 2794,1,1.0
Email 2795,0,2.2803129966263935e-47
Email 2796,0,1.3057644369725014e-281
Email 2797,0,4.233720158029756e-31
Email 2798,1,1.0
Email 2799,0,2.522248228876653e-28
Email 2800,0,4.276956331656793e-113
Email 2801,0,9.849154729645224e-140
Email 2802,0,9.433950729146151e-109
Email 2803,1,0.9999999790356926
Email 2804,0,9.917141646398494e-202
Email 2805,0,1.795900508391353e-34
Email 2806,0,6.245533878195147e-28
Email 2807,1,1.0
Email 2808,0,2.0220909165890577e-27
Email 2809,0,2.1473586307814376e-109
Email 2810,1,1.0
Email 2811,0,3.5853620330744227e-60
Email 2812,1,1.0
Email 2813,1,1.0
Email 2814,0,2.674198823779851e-23
Email 2815,0,4.830089308959749e-13
Email 2816,0,5.1847379274104507e-20
Email 2817,0,7.920268539189249e-08
Email 2818,0,6.245533878195147e-28
Email 2819,0,4.2556271471618675e-46
Email 2820,0,1.6469660949448367e-76
Email 2821,0,7.283146562753955e-35
Email 2822,1,1.0
Email 2823,0,2.6031231303177123e-31
Email 2824,0,6.079479073864503e-19
Email 2825,1,0.9999656784926705
Email 2826,1,1.0
Email 2827,1,1.0
Email 2828,0,2.0220909165890577e-27
Email 2829,1,1.0
Email 2830,0,3.4668894521023777e-177
Email 2831,0,5.7741475669742855e-120
Email 2832,1,1.0
Email 2833,1,0.9605633034281558
Email 2834,0,9.534473788605092e-60
Email 2835,0,3.3890982991640337e-29
Email 2836,0,5.09090534527244e-12
Email 2837,1,1.0
Email 2838,0,1.3358928843092692e-62
Email 2839,0,1.7861785562630581e-22
Email 2840,1,1.0
Email 2841,0,8.753264752226664e-10
Email 2842,0,2.7871440629484934e-57
Email 2843,0,4.289960381407998e-54
Email 2844,0,2.2125270034255946e-22
Email 2845,0,9.83252815065018e-31
Email 2846,0,9.83252815065018e-31
Email 2847,0,2.7871440629484934e-57
Email 2848,0,2.564401150889292e-202
Email 2849,0,1.133683507422822e-140
Email 2850,0,4.0219202027008735e-97
Email 2851,0,1.3056403045352703e-256
Email 2852,1,1.0
Email 2853,0,1.6622720870312648e-44
Email 2854,0,7.859184031384402e-47
Email 2855,0,7.457532100984111e-30
Email 2856,0,4.984220814370885e-12
Email 2857,0,2.47916008161885e-33
Email 2858,0,9.83252815065018e-31
Email 2859,1,1.0
Email 2860,0,1.8385918053616633e-29
Email 2861,0,2.6352516486654113e-111
Email 2862,0,1.1200710871332086e-54
Email 2863,0,4.795547127788998e-115
Email 2864,0,5.185596095855861e-91
Email 2865,0,8.541753243439676e-14
Email 2866,1,1.0
Email 2867,1,0.9999999988826858
Email 2868,0,4.5161522159829007e-26
Email 2869,1,0.9999997428351766
Email 2870,0,2.108049e-317
Email 2871,0,0.0
Email 2872,0,2.6906546955022375e-07
Email 2873,0,4.8134468916771734e-49
Email 2874,1,1.0
Email 2875,0,2.9450939998439787e-32
Email 2876,0,1.2621680808766172e-59
Email 2877,0,3.6965080549188484e-57
Email 2878,0,3.783573735144877e-17
Email 2879,0,4.233720158029756e-31
Email 2880,0,1.6611384472688172e-40
Email 2881,0,4.5161522159829007e-26
Email 2882,0,1.8385918053616633e-29
Email 2883,1,1.0
Email 2884,0,4.904949458527162e-98
Email 2885,1,1.0
Email 2886,1,1.0
Email 2887,0,5.0458440726835044e-64
Email 2888,1,0.9999999747450378
Email 2889,1,1.0
Email 2890,1,0.575760313532256
Email 2891,0,2.0361937022601032e-39
Email 2892,0,2.0220909165890577e-27
Email 2893,0,1.9187328087923238e-48
Email 2894,0,4.006856471950731e-75
Email 2895,0,1.707801401994012e-14
Email 2896,0,2.111643639656383e-108
Email 2897,0,1.947442255280144e-171
Email 2898,0,1.3083973920516314e-59
Email 2899,1,1.0
Email 2900,1,1.0
Email 2901,0,6.459642520648223e-13
Email 2902,0,5.083749905170339e-23
Email 2903,0,5.340458490115067e-23
Email 2904,0,5.0327920227004695e-53
Email 2905,1,0.9999976825406088
Email 2906,0,4.465841623717657e-15
Email 2907,0,3.78697149054817e-155
Email 2908,0,1.1033369793751198e-10
Email 2909,0,4.233720158029756e-31
Email 2910,0,4.5161522159829007e-26
Email 2911,0,5.0327920227004695e-53
Email 2912,1,0.942184816165865
Email 2913,0,4.465841623717657e-15
Email 2914,0,3.78697149054817e-155
Email 2915,0,1.1033369793751198e-10
Email 2916,0,8.438922313583611e-78
Email 2917,0,6.205966004868708e-156
Email 2918,0,2.7924322822715427e-89
Email 2919,1,1.0
Email 2920,0,7.515955365211124e-57
Email 2921,0,2.2862560631060744e-97
Email 2922,0,2.0220909165890577e-27
Email 2923,1,1.0
Email 2924,0,5.0045182820026924e-26
Email 2925,0,6.205966004868708e-156
Email 2926,1,1.0
Email 2927,0,2.7924322822715427e-89
Email 2928,0,3.2100453517611106e-10
Email 2929,0,0.23141908951239706
Email 2930,0,2.0137564300751036e-21
Email 2931,0,7.238789373265139e-36
Email 2932,1,1.0
Email 2933,1,1.0
Email 2934,0,6.649366657115235e-43
Email 2935,0,1.6609406612298443e-12
Email 2936,0,4.7191234335579034e-29
Email 2937,0,1.135169588534361e-83
Email 2938,0,1.0534736424109489e-102
Email 2939,1,0.9998757774461575
Email 2940,0,2.9367162280568457e-08
Email 2941,0,9.356488311211811e-38
Email 2942,1,1.0
Email 2943,0,4.0721772436954725e-51
Email 2944,1,1.0
Email 2945,0,2.0220909165890577e-27
Email 2946,0,3.2605999124188046e-71
Email 2947,0,8.567676316916419e-68
Email 2948,1,1.0
Email 2949,0,1.0534736424109489e-102
Email 2950,0,2.9367162280568457e-08
Email 2951,0,1.7931599582306483e-41
Email 2952,0,8.744897348268432e-63
Email 2953,1,0.9999995231283947
Email 2954,0,4.455729158860523e-214
Email 2955,1,1.0
Email 2956,1,0.999993455104731
Email 2957,1,0.9999998916259815
Email 2958,0,4.249709001833328e-57
Email 2959,0,8.272893371042025e-29
Email 2960,0,0.23570046579093518
Email 2961,0,2.112082123394466e-24
Email 2962,0,4.5161522159829007e-26
Email 2963,0,2.538426282341095e-68
Email 2964,0,9.782717404786716e-58
Email 2965,0,5.206135103511635e-50
Email 2966,0,2.4456673145111045e-33
Email 2967,1,1.0
Email 2968,0,4.961170491643087e-16
Email 2969,0,4.45418116656847e-23
Email 2970,0,1.9234768487403467e-28
Email 2971,1,1.0
Email 2972,0,7.336221484765049e-25
Email 2973,0,8.720120940785457e-24
Email 2974,0,3.590680708621477e-15
Email 2975,0,0.0
Email 2976,0,5.6012226781220475e-34
Email 2977,0,1.196316715795742e-15
Email 2978,1,1.0
Email 2979,0,8.785434464099943e-31
Email 2980,0,4.5161522159829007e-26
Email 2981,1,0.9999981468416881
Email 2982,0,8.785434464099943e-31
Email 2983,0,8.612912249120773e-137
Email 2984,1,1.0
Email 2985,0,5.6012226781220475e-34
Email 2986,0,6.901412454148562e-24
Email 2987,1,0.9999999999954525
Email 2988,1,1.0
Email 2989,0,4.286460196246554e-13
Email 2990,0,4.196060808236141e-27
Email 2991,0,2.1569848816181166e-22
Email 2992,0,7.521063992930134e-24
Email 2993,0,1.433355665954595e-10
Email 2994,0,4.180029410912944e-43
Email 2995,1,0.9999999973488229
Email 2996,0,2.674198823779851e-23
Email 2997,0,7.449845311580236e-61
Email 2998,0,5.286524882852042e-50
Email 2999,0,7.7660437717799875e-90
Email 3000,0,1.76791389409346e-58
Email 3001,1,1.0
Email 3002,0,1.3939974393581294e-15
Email 3003,0,4.196060808236141e-27
Email 3004,0,7.7660437717799875e-90
Email 3005,1,1.0
Email 3006,0,4.455452892674417e-50
Email 3007,0,8.312367509019169e-05
Email 3008,0,1.7421570925603835e-47
Email 3009,1,1.0
Email 3010,1,1.0
Email 3011,0,1.2431291289438711e-62
Email 3012,1,0.9999999999995453
Email 3013,1,0.9999995429721956
Email 3014,0,1.9424854345237414e-43
Email 3015,0,2.8816327920265294e-22
Email 3016,1,0.9999999999995453
Email 3017,0,4.196060808236141e-27
Email 3018,1,0.9999949842743541
Email 3019,0,1.2960168960656395e-27
Email 3020,1,1.0
Email 3021,0,2.4936383138840267e-25
Email 3022,0,2.006715044899497e-15
Email 3023,1,1.0
Email 3024,0,1.9424854345237414e-43
Email 3025,0,2.8816327920265294e-22
Email 3026,1,0.9999999980057055
Email 3027,0,8.256165990828241e-14
Email 3028,0,2.03386876901724e-73
Email 3029,1,1.0
Email 3030,0,1.3040476953468355e-35
Email 3031,1,1.0
Email 3032,0,1.8221571403663523e-37
Email 3033,1,1.0
Email 3034,0,1.4154686600112124e-122
Email 3035,1,0.9999999999997726
Email 3036,0,1.7410632331454596e-32
Email 3037,0,1.0713760859323455e-25
Email 3038,0,1.4154686600112124e-122
Email 3039,0,1.5071582941949553e-09
Email 3040,1,1.0
Email 3041,0,1.5365358873408286e-118
Email 3042,1,0.8100521162664561
Email 3043,0,2.7873727011724472e-58
Email 3044,0,3.8353417761091016e-28
Email 3045,0,2.8216769508318845e-32
Email 3046,0,5.0143411742855976e-79
Email 3047,0,6.314239061731526e-95
Email 3048,0,2.7873727011724472e-58
Email 3049,1,1.0
Email 3050,0,1.6275036553990956e-11
Email 3051,0,1.1099617084157228e-41
Email 3052,0,4.196060808236141e-27
Email 3053,0,1.6275036553990956e-11
Email 3054,0,7.129978732712493e-13
Email 3055,1,1.0
Email 3056,0,1.681166644312566e-39
Email 3057,0,1.3525436394356331e-89
Email 3058,1,0.9985229730574917
Email 3059,0,1.893377566359053e-31
Email 3060,1,0.9889972503451032
Email 3061,0,4.835972343125328e-81
Email 3062,0,7.632217487172331e-18
Email 3063,0,4.196060808236141e-27
Email 3064,0,3.047026384105422e-61
Email 3065,1,0.9999999994424797
Email 3066,0,2.674198823779851e-23
Email 3067,0,6.090610622309908e-41
Email 3068,0,8.395437673818725e-28
Email 3069,1,1.0
Email 3070,0,9.108417774933362e-16
Email 3071,0,4.99248364352615e-224
Email 3072,1,0.9999999998449312
Email 3073,0,6.776705424194066e-104
Email 3074,1,0.9999999921765266
Email 3075,0,0.12374841362503682
Email 3076,0,0.17696952362206578
Email 3077,1,0.9707933662727076
Email 3078,0,4.196060808236141e-27
Email 3079,1,0.9999999999670308
Email 3080,0,4.271965764510924e-34
Email 3081,0,6.776705424194066e-104
Email 3082,0,5.859317286747061e-07
Email 3083,1,0.979393672793003
Email 3084,0,2.04592008999147e-102
Email 3085,0,3.719390560217098e-108
Email 3086,0,2.4715687539876222e-29
Email 3087,1,0.9999999996007318
Email 3088,0,7.75412053617103e-241
Email 3089,0,8.654225066097475e-125
Email 3090,1,1.0
Email 3091,0,1.7342265948130284e-19
Email 3092,0,6.54970363182223e-26
Email 3093,0,2.0403576159877723e-30
Email 3094,0,8.654225066097475e-125
Email 3095,0,1.7342265948130284e-19
Email 3096,0,2.0165025922427957e-216
Email 3097,0,0.0
Email 3098,0,4.261561568810969e-116
Email 3099,0,2.4519409037710315e-63
Email 3100,0,1.439360454350381e-64
Email 3101,0,2.3567120967624836e-219
Email 3102,0,2.1457959486980258e-240
Email 3103,1,0.9999986554166698
Email 3104,0,6.54970363182223e-26
Email 3105,1,1.0
Email 3106,0,2.0403576159877723e-30
Email 3107,1,1.0
Email 3108,0,3.3298064661394034e-43
Email 3109,0,0.0
Email 3110,1,0.9999999967631084
Email 3111,0,6.223083473682508e-32
Email 3112,0,0.1044165542541967
Email 3113,1,1.0
Email 3114,0,1.439638452942134e-39
Email 3115,0,6.54970363182223e-26
Email 3116,1,1.0
Email 3117,0,4.475980605748877e-22
Email 3118,0,0.0038041144908584255
Email 3119,0,2.8904133719116515e-71
Email 3120,0,6.513642980947923e-41
Email 3121,0,8.785434464099943e-31
Email 3122,0,1.4553074232414043e-57
Email 3123,1,0.9999996881379534
Email 3124,1,1.0
Email 3125,0,2.1895095564185835e-19
Email 3126,0,0.0
Email 3127,0,4.7696710839058075e-24
Email 3128,0,9.987878758801943e-84
Email 3129,0,1.1087825040310484e-102
Email 3130,1,0.9999999999995453
Email 3131,1,1.0
Email 3132,0,5.593519456952366e-82
Email 3133,0,2.3981245023230995e-171
Email 3134,0,8.247060331990027e-101
Email 3135,0,8.630922613767751e-62
Email 3136,0,1.1979589138965308e-231
Email 3137,0,1.898622774089539e-37
Email 3138,0,8.785434464099943e-31
Email 3139,0,4.475980605748877e-22
Email 3140,0,1.90999166167214e-60
Email 3141,0,6.925399444144868e-25
Email 3142,0,1.4929982142813174e-166
Email 3143,0,2.0073419437883276e-37
Email 3144,1,0.999999999998181
Email 3145,0,2.669996515634427e-07
Email 3146,0,1.9380585538390755e-06
Email 3147,0,1.12998829732195e-143
Email 3148,0,7.666502215454234e-148
Email 3149,0,1.0249473576453235e-250
Email 3150,0,2.658709890427236e-145
Email 3151,0,4.740351664979259e-33
Email 3152,0,5.329434049832159e-64
Email 3153,1,1.0
Email 3154,0,4.196060808236141e-27
Email 3155,0,9.371512013652236e-26
Email 3156,0,1.423685813139497e-43
Email 3157,0,8.70854134546003e-11
Email 3158,0,8.629189002135234e-182
Email 3159,1,0.9999999878311884
Email 3160,0,8.540608322785355e-18
Email 3161,1,0.9999999954270606
Email 3162,0,3.247989369947856e-92
Email 3163,0,0.0
Email 3164,1,0.9999999997648956
Email 3165,1,1.0
Email 3166,1,1.0
Email 3167,1,1.0
Email 3168,0,3.0948229265421465e-56
Email 3169,0,9.371512013652236e-26
Email 3170,1,1.0
Email 3171,0,4.196060808236141e-27
Email 3172,1,1.0
Email 3173,1,1.0
Email 3174,0,9.920662127137671e-09
Email 3175,1,0.9999999999611191
Email 3176,1,0.9999999999986358
Email 3177,0,2.777459442690622e-58
Email 3178,1,0.9999999999722604
Email 3179,0,1.6076637609805158e-76
Email 3180,1,1.0
Email 3181,1,1.0
Email 3182,0,5.487462129520132e-81
Email 3183,1,1.0
Email 3184,1,1.0
Email 3185,0,2.5443548285340123e-76
Email 3186,0,8.931121751590282e-175
Email 3187,0,7.907387934522397e-68
Email 3188,0,3.452739329723746e-45
Email 3189,0,1.1156494119839325e-35
Email 3190,1,1.0
Email 3191,0,4.196060808236141e-27
Email 3192,0,6.656744364707136e-68
Email 3193,1,1.0
Email 3194,1,1.0
Email 3195,1,0.999999999049578
Email 3196,0,2.487840885720024e-97
Email 3197,0,5.97248003956649e-103
Email 3198,0,1.1069867280456025e-61
Email 3199,0,6.54970363182223e-26
Email 3200,0,3.3009877391828175e-29
Email 3201,1,1.0
Email 3202,0,3.490122582357712e-63
Email 3203,0,2.55693284967251e-60
Email 3204,0,2.740219216671537e-82
Email 3205,0,4.083388880091248e-31
Email 3206,0,2.783676860959308e-81
Email 3207,1,1.0
Email 3208,0,4.954429455903868e-84
Email 3209,0,4.5295927298157435e-74
Email 3210,0,1.9261835703619414e-122
Email 3211,0,7.605748224317494e-88
Email 3212,0,3.8353417761091016e-28
Email 3213,0,2.9788607520636584e-29
Email 3214,1,1.0
Email 3215,0,3.815161685454294e-45
Email 3216,0,2.9770984529732645e-26
Email 3217,1,0.9999999999977263
Email 3218,1,0.9999981913550058
Email 3219,0,2.4459169911733863e-51
Email 3220,0,8.682215323838575e-46
Email 3221,1,1.0
Email 3222,1,1.0
Email 3223,0,1.1339245739163575e-302
Email 3224,0,1.6651971161544792e-51
Email 3225,0,2.9788607520636584e-29
Email 3226,0,3.3387483327981586e-10
Email 3227,0,9.53845337838614e-66
Email 3228,0,7.87647070072237e-133
Email 3229,0,6.830665713958313e-28
Email 3230,1,1.0
Email 3231,0,4.228431667661387e-28
Email 3232,0,6.607057448203322e-33
Email 3233,0,3.823075218219583e-07
Email 3234,0,0.0001224533597176483
Email 3235,1,1.0
Email 3236,0,7.342769092170108e-33
Email 3237,0,4.001555683878399e-70
Email 3238,1,1.0
Email 3239,1,1.0
Email 3240,0,3.2707601063794258e-09
Email 3241,1,0.9999999752601528
Email 3242,0,1.0105579190299285e-107
Email 3243,0,1.2645400943279842e-69
Email 3244,0,1.25394200042866e-30
Email 3245,1,1.0
Email 3246,0,7.425589289864275e-42
Email 3247,1,0.9999999999995453
Email 3248,1,1.0
Email 3249,0,2.1223007390727048e-91
Email 3250,0,5.324596724963892e-35
Email 3251,0,1.3384207915301012e-22
Email 3252,0,4.613965408734044e-28
Email 3253,0,2.4243777835482043e-22
Email 3254,1,1.0
Email 3255,1,1.0
Email 3256,0,1.25394200042866e-30
Email 3257,0,0.029724556127284328
Email 3258,0,4.613965408734044e-28
Email 3259,0,1.934934496436347e-42
Email 3260,0,5.516921205697467e-28
Email 3261,0,5.7626104498796826e-61
Email 3262,1,0.9796511598479851
Email 3263,0,2.0395371621805762e-122
Email 3264,0,0.06288752669333915
Email 3265,1,1.0
Email 3266,0,0.029724556127284328
Email 3267,0,7.342769092170108e-33
Email 3268,1,1.0
Email 3269,0,1.6474179882876048e-39
Email 3270,0,1.2338861194324558e-12
Email 3271,0,8.355776095605086e-05
Email 3272,0,2.47128795304776e-66
Email 3273,0,6.939283205660163e-66
Email 3274,0,2.37791284460014e-152
Email 3275,1,1.0
Email 3276,0,7.569900535146735e-29
Email 3277,0,1.25394200042866e-30
Email 3278,1,0.9988410888550098
Email 3279,0,3.285849840946572e-30
Email 3280,0,5.269345768394107e-18
Email 3281,1,1.0
Email 3282,0,7.112630115289183e-06
Email 3283,0,8.883871038234678e-129
Email 3284,0,2.8482395427248727e-144
Email 3285,0,1.842124246724823e-22
Email 3286,0,3.3842481618030084e-27
Email 3287,0,8.6866033221742e-177
Email 3288,0,0.029724556127284328
Email 3289,1,1.0
Email 3290,0,1.25394200042866e-30
Email 3291,1,1.0
Email 3292,0,1.0480255516345126e-11
Email 3293,0,7.472349244953777e-31
Email 3294,0,1.9711314414180663e-06
Email 3295,0,0.0
Email 3296,0,0.0
Email 3297,0,1.9829127688150944e-296
Email 3298,0,1.3908531212020625e-22
Email 3299,1,0.9999999998624389
Email 3300,1,1.0
Email 3301,0,1.0121764696183074e-19
Email 3302,1,1.0
Email 3303,0,1.25394200042866e-30
Email 3304,1,1.0
Email 3305,0,1.913676986174825e-40
Email 3306,0,3.6050501442437826e-122
Email 3307,0,1.5947349493685748e-37
Email 3308,0,7.99276553589419e-12
Email 3309,1,1.0
Email 3310,0,1.5561800010495803e-192
Email 3311,0,3.642887998216091e-148
Email 3312,1,0.958324383013098
Email 3313,1,1.0
Email 3314,0,6.677720551513949e-95
Email 3315,1,1.0
Email 3316,0,5.621314585593465e-25
Email 3317,1,0.9999987029304293
Email 3318,0,5.26714028082138e-05
Email 3319,1,1.0
Email 3320,0,1.25394200042866e-30
Email 3321,1,0.9999999999995453
Email 3322,1,1.0
Email 3323,0,1.0121764696183074e-19
Email 3324,0,4.841036801871878e-13
Email 3325,0,5.33119797616734e-21
Email 3326,0,5.059991739619295e-17
Email 3327,0,5.29560794192166e-65
Email 3328,1,1.0
Email 3329,0,2.3208098731364557e-144
Email 3330,1,0.9999996317072369
Email 3331,0,4.475523129706009e-27
Email 3332,1,1.0
Email 3333,0,2.703449441362117e-208
Email 3334,1,1.0
Email 3335,0,0.0002580766737833818
Email 3336,1,1.0
Email 3337,0,2.209627342791822e-55
Email 3338,1,1.0
Email 3339,0,1.25394200042866e-30
Email 3340,0,1.0121764696183074e-19
Email 3341,0,1.8677609275275868e-124
Email 3342,0,3.227387237253657e-33
Email 3343,1,1.0
Email 3344,0,1.7558701985257173e-166
Email 3345,0,0.003726400369161764
Email 3346,1,0.9999993659688207
Email 3347,1,1.0
Email 3348,0,1.708927490127574e-34
Email 3349,0,1.25394200042866e-30
Email 3350,0,0.003002752655316683
Email 3351,0,1.4392799271059542e-10
Email 3352,1,1.0
Email 3353,1,1.0
Email 3354,0,1.529450059789291e-32
Email 3355,0,9.561891771975947e-21
Email 3356,0,2.323112359549421e-165
Email 3357,1,0.9638737049187118
Email 3358,1,1.0
Email 3359,0,1.3052123306927704e-29
Email 3360,0,2.964452613024619e-18
Email 3361,1,1.0
Email 3362,0,2.6073514697301013e-27
Email 3363,0,7.189422114664619e-14
Email 3364,1,1.0
Email 3365,0,1.25394200042866e-30
Email 3366,0,1.0121764696183074e-19
Email 3367,1,0.9999999999863576
Email 3368,0,5.5752600463840706e-33
Email 3369,0,1.529450059789291e-32
Email 3370,0,1.0121764696183074e-19
Email 3371,1,1.0
Email 3372,0,1.2059110548134904e-24
Email 3373,0,1.4962608912845194e-08
Email 3374,0,6.106211830674397e-22
Email 3375,0,1.531525142301804e-18
Email 3376,0,1.529450059789291e-32
Email 3377,1,1.0
Email 3378,0,1.0121764696183074e-19
Email 3379,0,6.852854814404466e-31
Email 3380,0,1.155460870470798e-20
Email 3381,0,0.0
Email 3382,1,0.6733312946927157
Email 3383,1,0.9999999998860858
Email 3384,1,1.0
Email 3385,0,8.78677054760737e-68
Email 3386,0,7.379254084037073e-42
Email 3387,0,1.3413900823013829e-21
Email 3388,0,0.41493202380396177
Email 3389,0,2.1004645855494843e-152
Email 3390,0,3.984863604357627e-29
Email 3391,1,1.0
Email 3392,0,1.529450059789291e-32
Email 3393,0,1.5443649082582565e-33
Email 3394,1,1.0
Email 3395,1,0.9999988065939946
Email 3396,0,6.268907186312283e-12
Email 3397,1,1.0
Email 3398,1,1.0
Email 3399,0,6.681676975210832e-05
Email 3400,1,1.0
Email 3401,0,1.25394200042866e-30
Email 3402,0,1.0121764696183074e-19
Email 3403,0,3.7165739525193675e-33
Email 3404,0,0.0
Email 3405,0,4.578233371266769e-14
Email 3406,1,1.0
Email 3407,0,5.735611484461713e-67
Email 3408,1,1.0
Email 3409,0,1.0815583561677526e-15
Email 3410,0,2.582176284754423e-20
Email 3411,0,7.383991377444576e-264
Email 3412,0,2.8320369735321344e-144
Email 3413,0,8.895045986933723e-46
Email 3414,0,1.25394200042866e-30
Email 3415,0,1.7805466392662888e-63
Email 3416,0,2.4686781210850633e-49
Email 3417,0,6.99739634090483e-46
Email 3418,0,3.1542836461779583e-16
Email 3419,1,1.0
Email 3420,0,3.43123763450798e-21
Email 3421,1,1.0
Email 3422,1,0.9729293688889682
Email 3423,0,1.1790931155919988e-31
Email 3424,1,1.0
Email 3425,0,1.318911451819472e-17
Email 3426,0,0.0712223454154675
Email 3427,0,1.25394200042866e-30
Email 3428,1,0.9999996642973765
Email 3429,0,1.9461679392009117e-15
Email 3430,0,2.5316621514066665e-56
Email 3431,0,5.990547827301761e-172
Email 3432,0,1.263102639414705e-178
Email 3433,1,1.0
Email 3434,0,3.6537245689068056e-101
Email 3435,0,2.8351955185685198e-33
Email 3436,0,3.0866912858939566e-11
Email 3437,0,1.3944137669425876e-30
Email 3438,0,1.6013472613090058e-111
Email 3439,0,2.46383709490944e-107
Email 3440,0,2.6001251815261776e-24
Email 3441,1,1.0
Email 3442,1,1.0
Email 3443,1,1.0
Email 3444,0,5.477798336024942e-47
Email 3445,0,0.32733837294823404
Email 3446,1,1.0
Email 3447,0,1.25394200042866e-30
Email 3448,1,1.0
Email 3449,1,0.9999996926758757
Email 3450,0,5.031531530711538e-243
Email 3451,1,0.6861464720401126
Email 3452,1,0.9801392998379587
Email 3453,1,1.0
Email 3454,0,9.693658697540097e-52
Email 3455,1,1.0
Email 3456,0,5.2615101559128024e-74
Email 3457,1,1.0
Email 3458,0,1.428004423121491e-29
Email 3459,0,2.32060683192724e-13
Email 3460,1,1.0
Email 3461,0,1.25394200042866e-30
Email 3462,0,1.838518061158662e-16
Email 3463,0,4.3747472973780296e-120
Email 3464,0,1.981664180477786e-273
Email 3465,1,1.0
Email 3466,1,1.0
Email 3467,0,5.256451955074803e-134
Email 3468,1,1.0
Email 3469,0,1.0610742500763022e-87
Email 3470,0,1.1429938363992986e-36
Email 3471,1,1.0
Email 3472,0,6.286990200729362e-13
Email 3473,0,5.0652983611871634e-40
Email 3474,0,2.628938514423621e-49
Email 3475,1,1.0
Email 3476,1,1.0
Email 3477,0,1.3300567064400537e-05
Email 3478,1,0.9999988562892387
Email 3479,0,1.25394200042866e-30
Email 3480,0,1.0121764696183074e-19
Email 3481,0,6.020894041609502e-65
Email 3482,0,0.04103381934322681
Email 3483,1,1.0
Email 3484,0,5.434152271660873e-190
Email 3485,0,4.925484742829759e-80
Email 3486,1,1.0
Email 3487,0,1.1441000489484561e-14
Email 3488,0,1.342030943262333e-15
Email 3489,0,2.637685507361784e-28
Email 3490,0,1.0121764696183074e-19
Email 3491,0,3.6231252962776224e-26
Email 3492,0,3.84727034671217e-121
Email 3493,0,1.719600151187007e-203
Email 3494,0,2.7251058034214577e-61
Email 3495,0,4.04075269817004e-121
Email 3496,0,4.770120149586479e-183
Email 3497,0,0.1506050231830672
Email 3498,0,4.854043698079693e-31
Email 3499,1,1.0
Email 3500,0,3.7559330768674067e-35
Email 3501,0,2.250384677064265e-70
Email 3502,1,1.0
Email 3503,0,4.331927273278676e-107
Email 3504,1,1.0
Email 3505,1,0.997890191258849
Email 3506,0,9.184674576386633e-20
Email 3507,0,6.470482095979904e-44
Email 3508,0,2.637685507361784e-28
Email 3509,0,1.0121764696183074e-19
Email 3510,0,1.3166684249860003e-186
Email 3511,0,7.64735018329803e-250
Email 3512,1,1.0
Email 3513,1,0.9999999999142801
Email 3514,0,1.0424539320657707e-49
Email 3515,1,1.0
Email 3516,0,3.221492036809431e-09
Email 3517,1,1.0
Email 3518,0,3.22991005208674e-20
Email 3519,0,2.637685507361784e-28
Email 3520,1,0.9996751554094802
Email 3521,0,4.2014718626432827e-19
Email 3522,0,2.44695291585518e-26
Email 3523,1,1.0
Email 3524,0,6.970867999315479e-53
Email 3525,1,1.0
Email 3526,1,1.0
Email 3527,0,3.3747997079266844e-36
Email 3528,0,2.637685507361784e-28
Email 3529,0,6.654690931390313e-29
Email 3530,1,1.0
Email 3531,1,1.0
Email 3532,0,3.0429061486910764e-53
Email 3533,1,1.0
Email 3534,0,1.956035272725278e-32
Email 3535,1,0.9999999890032997
Email 3536,1,1.0
Email 3537,0,2.645478407727689e-06
Email 3538,0,0.046929540776388154
Email 3539,0,2.9019502393161917e-13
Email 3540,1,0.9999999924732492
Email 3541,0,1.4196568091489796e-53
Email 3542,1,1.0
Email 3543,0,1.7224767922201895e-28
Email 3544,0,1.66152203e-315
Email 3545,0,3.788810426479203e-05
Email 3546,0,1.936513281905386e-100
Email 3547,1,1.0
Email 3548,0,2.637685507361784e-28
Email 3549,0,1.206083195714284e-28
Email 3550,0,1.1986792835623705e-47
Email 3551,0,7.477968116643836e-142
Email 3552,0,2.637685507361784e-28
Email 3553,0,2.3230836096100145e-54
Email 3554,1,1.0
Email 3555,1,1.0
Email 3556,1,1.0
Email 3557,0,3.624221808975342e-42
Email 3558,0,7.98225060597857e-55
Email 3559,0,0.0
Email 3560,0,1.5336867608203067e-186
Email 3561,0,3.3906155624345148e-121
Email 3562,1,1.0
Email 3563,0,0.00010646079823278794
Email 3564,1,1.0
Email 3565,0,7.358125040209467e-50
Email 3566,0,9.166480730936322e-59
Email 3567,0,2.637685507361784e-28
Email 3568,1,1.0
Email 3569,0,1.4304673868569303e-31
Email 3570,1,1.0
Email 3571,0,2.1778962004489987e-06
Email 3572,0,1.3700767423680851e-05
Email 3573,1,1.0
Email 3574,0,0.029724556127284328
Email 3575,0,1.8937691624983593e-42
Email 3576,0,2.637685507361784e-28
Email 3577,0,7.841407932702522e-47
Email 3578,0,2.5639278716881497e-27
Email 3579,0,0.029724556127284328
Email 3580,0,2.359708246130927e-48
Email 3581,0,2.637685507361784e-28
Email 3582,1,1.0
Email 3583,0,5.219926841634887e-133
Email 3584,1,1.0
Email 3585,0,3.940955372543374e-72
Email 3586,0,3.432225176848161e-19
Email 3587,0,1.6275347382040207e-28
Email 3588,0,8.259225569308366e-21
Email 3589,0,5.522611377880269e-32
Email 3590,1,1.0
Email 3591,1,1.0
Email 3592,0,3.867444913436999e-67
Email 3593,0,0.0
Email 3594,0,0.0
Email 3595,0,0.0
Email 3596,1,1.0
Email 3597,1,1.0
Email 3598,1,1.0
Email 3599,0,3.523354967471433e-36
Email 3600,0,2.699145363578019e-36
Email 3601,0,7.113276841250132e-18
Email 3602,0,1.1424337746580413e-26
Email 3603,0,1.8462540084007414e-29
Email 3604,0,0.029724556127284328
Email 3605,0,2.902535315142524e-15
Email 3606,0,8.762277247318739e-73
Email 3607,1,0.6933195805277549
Email 3608,0,2.8771014676421275e-41
Email 3609,0,1.1424337746580413e-26
Email 3610,1,1.0
Email 3611,0,9.811937773012684e-108
Email 3612,0,5.407863377120405e-126
Email 3613,0,1.158117574648347e-35
Email 3614,1,1.0
Email 3615,1,1.0
Email 3616,0,1.3343262707027627e-20
Email 3617,0,2.5803642778168744e-136
Email 3618,1,1.0
Email 3619,0,4.6196212345093644e-55
Email 3620,1,0.9998177006966903
Email 3621,1,1.0
Email 3622,0,2.968237996287204e-102
Email 3623,0,2.1527710055235413e-47
Email 3624,1,1.0
Email 3625,0,1.0979902564159267e-80
Email 3626,0,6.508770126065585e-06
Email 3627,0,2.542870999097841e-74
Email 3628,0,9.45284518440677e-60
Email 3629,0,4.0729962079245747e-70
Email 3630,0,2.674198823779851e-23
Email 3631,0,1.4073815342164041e-46
Email 3632,0,1.501017120389136e-10
Email 3633,0,1.149343844224987e-161
Email 3634,0,8.534822109332916e-30
Email 3635,0,8.533848126990311e-56
Email 3636,0,2.0889485508577888e-17
Email 3637,1,1.0
Email 3638,0,8.826432709585304e-32
Email 3639,0,1.4746777292859656e-06
Email 3640,0,8.358946143617513e-101
Email 3641,0,3.162155100466897e-32
Email 3642,0,2.1833011845701926e-56
Email 3643,0,3.0000913736023876e-108
Email 3644,1,1.0
Email 3645,0,1.3153628576866836e-36
Email 3646,0,7.445052535983285e-18
Email 3647,0,2.4991690843487784e-158
Email 3648,0,1.0616881918132956e-71
Email 3649,1,0.9999451985748554
Email 3650,0,2.5721372230654964e-36
Email 3651,1,0.9999907978540735
Email 3652,0,6.019272843320158e-24
Email 3653,0,9.72361768739221e-72
Email 3654,0,2.057258840405418e-162
Email 3655,0,6.494259305887355e-184
Email 3656,1,1.0
Email 3657,0,2.2138953355339687e-08
Email 3658,0,2.1165983906120938e-53
Email 3659,0,2.1675681268396605e-42
Email 3660,1,1.0
Email 3661,0,0.029724556127284328
Email 3662,0,2.941047234264406e-101
Email 3663,0,1.0112715339024372e-40
Email 3664,0,4.997114213144869e-150
Email 3665,0,0.0
Email 3666,1,1.0
Email 3667,0,7.088107261839029e-29
Email 3668,1,0.9999950875668598
Email 3669,0,5.465482749236696e-24
Email 3670,0,6.972585887155687e-16
Email 3671,0,2.2847960385228857e-114
Email 3672,1,0.999999999994543
Email 3673,0,0.0004553677769097878
Email 3674,0,0.2900546310468909
Email 3675,0,2.110892508316233e-127
Email 3676,0,3.1729417297181833e-25
Email 3677,1,1.0
Email 3678,0,2.637685507361784e-28
Email 3679,0,0.0
Email 3680,0,1.4387214707353586e-28
Email 3681,1,1.0
Email 3682,0,2.637685507361784e-28
Email 3683,0,4.407298794018718e-70
Email 3684,0,1.6382287557751724e-275
Email 3685,0,0.0
Email 3686,0,1.6670664578518674e-14
Email 3687,1,1.0
Email 3688,1,1.0
Email 3689,0,9.584421294338219e-32
Email 3690,0,4.842756062826224e-28
Email 3691,0,4.407298794018718e-70
Email 3692,0,2.0715320374300554e-163
Email 3693,0,1.2474779862610285e-10
Email 3694,0,4.842756062826224e-28
Email 3695,1,1.0
Email 3696,0,4.407298794018718e-70
Email 3697,0,1.5156399912916405e-40
Email 3698,0,4.842756062826224e-28
Email 3699,0,4.1357868080346096e-60
Email 3700,0,2.830467455953778e-13
Email 3701,0,3.2083533790259e-24
Email 3702,0,8.9686333835459e-14
Email 3703,0,4.7913456554218255e-91
Email 3704,0,6.179084984448205e-72
Email 3705,0,6.663749567313386e-95
Email 3706,0,1.0139442195901236e-31
Email 3707,0,2.0175317453477075e-61
Email 3708,1,1.0
Email 3709,1,1.0
Email 3710,0,0.00013789756944689358
Email 3711,1,1.0
Email 3712,0,2.202853743113061e-46
Email 3713,0,1.702926472210596e-32
Email 3714,1,1.0
Email 3715,0,0.0
Email 3716,0,3.202292879532008e-24
Email 3717,1,0.9990939395012739
Email 3718,0,1.1885683165867009e-60
Email 3719,0,2.988132474057209e-28
Email 3720,1,1.0
Email 3721,0,1.1220064652277687e-16
Email 3722,0,1.04401737384384e-09
Email 3723,1,0.7006500282511416
Email 3724,0,2.23511623776181e-17
Email 3725,0,4.1282574441567943e-41
Email 3726,1,1.0
Email 3727,0,4.1357868080346096e-60
Email 3728,1,1.0
Email 3729,0,4.842756062826224e-28
Email 3730,0,2.786683988905819e-29
Email 3731,0,2.1020901698120043e-32
Email 3732,1,0.9895813984635554
Email 3733,0,1.801009684314501e-15
Email 3734,0,1.9026951507588776e-23
Email 3735,1,1.0
Email 3736,0,3.187888349827152e-107
Email 3737,1,1.0
Email 3738,0,4.842756062826224e-28
Email 3739,0,1.9709605445817954e-29
Email 3740,0,6.114972695338896e-62
Email 3741,0,2.9474368152184884e-86
Email 3742,0,4.842756062826224e-28
Email 3743,0,4.842756062826224e-28
Email 3744,0,1.0613239579959077e-20
Email 3745,0,1.0613239579959077e-20
Email 3746,1,1.0
Email 3747,0,2.2938139838551673e-86
Email 3748,0,0.029724556127284328
Email 3749,0,2.2938139838551673e-86
Email 3750,0,6.80615168506923e-54
Email 3751,0,2.8804157976485186e-10
Email 3752,0,9.360138631758961e-148
Email 3753,0,9.360138631758961e-148
Email 3754,0,2.8804157976485186e-10
Email 3755,0,1.9185907127513467e-27
Email 3756,1,1.0
Email 3757,0,1.9185907127513467e-27
Email 3758,1,1.0
Email 3759,1,1.0
Email 3760,0,4.842756062826224e-28
Email 3761,0,1.7230832431570076e-65
Email 3762,0,4.842756062826224e-28
Email 3763,0,1.7230832431570076e-65
Email 3764,0,2.674198823779851e-23
Email 3765,0,1.1749103191529042e-37
Email 3766,1,1.0
Email 3767,0,3.3153162755806172e-80
Email 3768,1,1.0
Email 3769,0,1.086749641264023e-27
Email 3770,1,0.9999999993888196
Email 3771,0,3.3153162755806172e-80
Email 3772,0,1.086749641264023e-27
Email 3773,1,1.0
Email 3774,1,1.0
Email 3775,1,1.0
Email 3776,1,1.0
Email 3777,0,2.674198823779851e-23
Email 3778,0,1.1749103191529042e-37
Email 3779,1,0.9999999999440661
Email 3780,0,1.750520988358926e-43
Email 3781,1,1.0
Email 3782,0,1.750520988358926e-43
Email 3783,0,0.0042602465592629915
Email 3784,0,6.041709555755948e-177
Email 3785,0,1.1885683165867009e-60
Email 3786,0,4.842756062826224e-28
Email 3787,1,0.9999950875668598
Email 3788,0,6.041709555755948e-177
Email 3789,1,1.0
Email 3790,0,1.1885683165867009e-60
Email 3791,0,4.842756062826224e-28
Email 3792,1,0.9999999999990905
Email 3793,0,2.709494277093007e-144
Email 3794,0,2.709494277093007e-144
Email 3795,0,1.420783651482807e-155
Email 3796,0,1.420783651482807e-155
Email 3797,1,1.0
Email 3798,0,1.1478581459061691e-19
Email 3799,1,1.0
Email 3800,0,1.009607472793152e-21
Email 3801,0,1.009607472793152e-21
Email 3802,1,0.9999999999995453
Email 3803,1,0.9999999999990905
Email 3804,1,1.0
Email 3805,0,6.451031780966521e-08
Email 3806,1,1.0
Email 3807,0,5.462838819702228e-07
Email 3808,0,4.842756062826224e-28
Email 3809,0,4.1357868080346096e-60
Email 3810,0,4.842756062826224e-28
Email 3811,1,0.9959374456020964
Email 3812,1,1.0
Email 3813,1,0.9999999842630133
Email 3814,1,0.9999999979845597
Email 3815,0,4.1357868080346096e-60
Email 3816,0,1.1427322874344043e-25
Email 3817,0,1.2880955269846156e-292
Email 3818,1,1.0
Email 3819,0,1.1427322874344043e-25
Email 3820,0,1.2880955269846156e-292
Email 3821,1,1.0
Email 3822,1,0.9999999999986358
Email 3823,0,5.201963256409089e-88
Email 3824,0,4.236411650232817e-149
Email 3825,0,4.236411650232817e-149
Email 3826,0,5.201963256409089e-88
Email 3827,1,0.9999999999890861
Email 3828,1,1.0
Email 3829,1,0.9999998835492147
Email 3830,1,0.9999971187640438
Email 3831,1,0.9999998835492147
Email 3832,0,4.1357868080346096e-60
Email 3833,0,4.842756062826224e-28
Email 3834,0,4.1357868080346096e-60
Email 3835,0,4.842756062826224e-28
Email 3836,0,1.084571254689388e-43
Email 3837,0,1.084571254689388e-43
Email 3838,0,7.79395528462024e-49
Email 3839,0,7.79395528462024e-49
Email 3840,0,8.601160174883187e-17
Email 3841,0,8.601160174883187e-17
Email 3842,0,2.7442936190882754e-05
Email 3843,0,2.7442936190882754e-05
Email 3844,1,1.0
Email 3845,1,1.0
Email 3846,0,2.62970055e-315
Email 3847,0,3.23453015e-315
Email 3848,0,1.1092225382732894e-22
Email 3849,1,1.0
Email 3850,0,1.3134273527265242e-79
Email 3851,0,7.766731198701404e-83
Email 3852,0,6.462653657185067e-57
Email 3853,0,6.462653657185067e-57
Email 3854,1,1.0
Email 3855,0,7.766731198701404e-83
Email 3856,1,1.0
Email 3857,0,1.3134273527265242e-79
Email 3858,1,1.0
Email 3859,0,1.1092225382732894e-22
Email 3860,1,0.9982901070664271
Email 3861,1,1.0
Email 3862,1,0.9999999998358362
Email 3863,1,0.9982901070664271
Email 3864,0,1.6355178507637965e-66
Email 3865,0,4.842756062826224e-28
Email 3866,0,3.394841361484956e-57
Email 3867,1,1.0
Email 3868,0,8.521680799045047e-17
Email 3869,0,1.6355178507637965e-66
Email 3870,1,1.0
Email 3871,1,0.9999999994848281
Email 3872,0,0.04218357417794972
Email 3873,0,4.842756062826224e-28
Email 3874,1,0.9954006237603685
Email 3875,1,1.0
Email 3876,0,3.394841361484956e-57
Email 3877,0,2.3677894526452037e-86
Email 3878,0,2.3677894526452037e-86
Email 3879,0,4.8515153660363554e-20
Email 3880,0,4.8515153660363554e-20
Email 3881,1,0.9999999999936335
Email 3882,0,1.1429594939224831e-25
Email 3883,1,1.0
Email 3884,0,6.240837438281726e-16
Email 3885,1,1.0
Email 3886,0,3.97149887556652e-57
Email 3887,1,0.9999999999727152
Email 3888,0,7.175280075768111e-33
Email 3889,0,7.175280075768111e-33
Email 3890,1,1.0
Email 3891,1,1.0
Email 3892,0,3.97149887556652e-57
Email 3893,1,1.0
Email 3894,1,1.0
Email 3895,0,6.240837438281726e-16
Email 3896,0,1.1429594939224831e-25
Email 3897,1,1.0
Email 3898,1,0.7113443127391559
Email 3899,1,1.0
Email 3900,1,1.0
Email 3901,1,0.7113443127391559
Email 3902,0,5.749386661710954e-62
Email 3903,0,4.842756062826224e-28
Email 3904,0,5.749386661710954e-62
Email 3905,0,4.842756062826224e-28
Email 3906,0,1.1534623951209662e-87
Email 3907,0,0.0
Email 3908,0,3.3637130023660274e-109
Email 3909,0,0.0
Email 3910,1,1.0
Email 3911,0,1.1534623951209662e-87
Email 3912,1,0.9999911333058854
Email 3913,1,1.0
Email 3914,0,0.0
Email 3915,1,1.0
Email 3916,0,3.3637130023660274e-109
Email 3917,0,0.0
Email 3918,0,1.4269373225193623e-35
Email 3919,0,7.871867240838191e-19
Email 3920,0,6.224523090990155e-35
Email 3921,1,1.0
Email 3922,0,1.4269373225193623e-35
Email 3923,1,1.0
Email 3924,0,7.871867240838191e-19
Email 3925,0,6.572143638945811e-52
Email 3926,0,2.3106845529990154e-30
Email 3927,0,6.572143638945811e-52
Email 3928,1,1.0
Email 3929,0,2.3106845529990154e-30
Email 3930,0,0.0010837730220153701
Email 3931,1,0.9999999999995453
Email 3932,0,0.11473931079388476
Email 3933,0,0.00012810444953603625
Email 3934,1,1.0
Email 3935,0,0.015074913951614088
Email 3936,1,0.9999999975566425
Email 3937,0,8.034665437937287e-61
Email 3938,1,1.0
Email 3939,0,4.842756062826224e-28
Email 3940,0,8.034665437937287e-61
Email 3941,1,0.9999999999836291
Email 3942,0,4.842756062826224e-28
Email 3943,0,2.82073140213898e-26
Email 3944,1,1.0
Email 3945,0,2.82073140213898e-26
Email 3946,0,6.224523090990155e-35
Email 3947,1,1.0
Email 3948,0,1.8791833818435457e-51
Email 3949,1,1.0
Email 3950,0,8.185672038627989e-21
Email 3951,0,5.697551403488896e-23
Email 3952,0,5.697551403488896e-23
Email 3953,1,1.0
Email 3954,1,1.0
Email 3955,0,8.185672038627989e-21
Email 3956,0,0.0015733612731609395
Email 3957,0,5.971550260015981e-11
Email 3958,0,0.013168751556345231
Email 3959,1,1.0
Email 3960,1,1.0
Email 3961,0,5.056808489484171e-10
Email 3962,1,1.0
Email 3963,1,1.0
Email 3964,0,8.400595068384177e-57
Email 3965,1,1.0
Email 3966,1,1.0
Email 3967,0,4.842756062826224e-28
Email 3968,1,1.0
Email 3969,0,6.05865803130327e-60
Email 3970,1,1.0
Email 3971,0,8.400595068384177e-57
Email 3972,0,4.842756062826224e-28
Email 3973,1,1.0
Email 3974,0,6.05865803130327e-60
Email 3975,0,1.0403708935350182e-14
Email 3976,0,6.505600095315137e-20
Email 3977,0,1.5447116497579014e-21
Email 3978,0,1.0498140522799054e-80
Email 3979,1,0.9999999985327577
Email 3980,0,1.0403708935350182e-14
Email 3981,0,6.505600095315137e-20
Email 3982,1,1.0
Email 3983,1,0.9999999904413244
Email 3984,0,1.5447116497579014e-21
Email 3985,1,0.9999999999997726
Email 3986,0,1.0498140522799054e-80
Email 3987,1,1.0
Email 3988,1,0.9999983038795395
Email 3989,0,1.8791833818435457e-51
Email 3990,1,1.0
Email 3991,0,2.104027325113511e-55
Email 3992,0,4.1240054537573915e-161
Email 3993,0,5.100253787336656e-58
Email 3994,1,1.0
Email 3995,0,5.100253787336656e-58
Email 3996,0,4.1240054537573915e-161
Email 3997,0,2.104027325113511e-55
Email 3998,0,5.366087447354532e-16
Email 3999,1,1.0
Email 4000,0,5.366087447354532e-16
Email 4001,1,1.0
Email 4002,1,1.0
Email 4003,0,1.949519759999115e-61
Email 4004,1,1.0
Email 4005,0,4.842756062826224e-28
Email 4006,0,1.949519759999115e-61
Email 4007,0,4.842756062826224e-28
Email 4008,0,3.3986102468580202e-40
Email 4009,1,0.9989056381321219
Email 4010,0,3.3986102468580202e-40
Email 4011,0,1.0670143219746578e-50
Email 4012,0,1.8602430702285002e-116
Email 4013,0,3.332253946887037e-30
Email 4014,1,0.9999999999683951
Email 4015,0,1.0670143219746578e-50
Email 4016,1,0.9999999416402846
Email 4017,0,1.8602430702285002e-116
Email 4018,1,1.0
Email 4019,0,1.3662952173388137e-143
Email 4020,0,1.3662952173388137e-143
Email 4021,0,1.4727574916046126e-26
Email 4022,0,2.091521199942085e-08
Email 4023,0,2.091521199942085e-08
Email 4024,0,4.842756062826224e-28
Email 4025,0,6.207682248881796e-82
Email 4026,1,1.0
Email 4027,0,4.842756062826224e-28
Email 4028,0,6.207682248881796e-82
Email 4029,0,2.7326309548817425e-18
Email 4030,1,1.0
Email 4031,1,1.0
Email 4032,0,2.7326309548817425e-18
Email 4033,1,1.0
Email 4034,1,1.0
Email 4035,1,0.99999927829757
Email 4036,1,0.9999965771043581
Email 4037,1,0.9999965771043581
Email 4038,0,1.3508558434740986e-54
Email 4039,1,1.0
Email 4040,0,3.332253946887037e-30
Email 4041,1,1.0
Email 4042,1,0.9648020154659798
Email 4043,0,1.3508558434740986e-54
Email 4044,0,0.14342940691694295
Email 4045,0,3.16832829382296e-231
Email 4046,0,1.0208154271579273e-10
Email 4047,0,1.719765596088046e-22
Email 4048,1,1.0
Email 4049,0,1.719765596088046e-22
Email 4050,0,3.16832829382296e-231
Email 4051,1,1.0
Email 4052,0,5.1661480673787515e-25
Email 4053,0,9.1581841349457e-173
Email 4054,0,9.1581841349457e-173
Email 4055,1,0.9999999922556526
Email 4056,0,6.906774841069045e-43
Email 4057,0,0.013128739962243766
Email 4058,1,0.9980239529683601
Email 4059,1,0.9980239529683601
Email 4060,0,1.799923617506021e-24
Email 4061,1,0.7556446830825083
Email 4062,0,1.799923617506021e-24
Email 4063,0,4.842756062826224e-28
Email 4064,0,4.842756062826224e-28
Email 4065,1,1.0
Email 4066,0,3.23508022330667e-18
Email 4067,1,1.0
Email 4068,0,3.2531582424992457e-105
Email 4069,0,2.9006776170529355e-20
Email 4070,0,8.15354597705458e-92
Email 4071,0,2.116690434281471e-23
Email 4072,0,3.23508022330667e-18
Email 4073,0,3.2531582424992457e-105
Email 4074,0,2.9006776170529355e-20
Email 4075,0,8.15354597705458e-92
Email 4076,0,2.116690434281471e-23
Email 4077,1,1.0
Email 4078,1,1.0
Email 4079,0,5.094287329182112e-31
Email 4080,0,7.713774230624533e-13
Email 4081,0,1.3458813591749302e-35
Email 4082,0,2.411624824797103e-20
Email 4083,1,1.0
Email 4084,0,2.411624824797103e-20
Email 4085,0,1.3458813591749302e-35
Email 4086,0,3.3765837546433804e-66
Email 4087,1,1.0
Email 4088,0,3.3765837546433804e-66
Email 4089,0,1.8179969761474505e-58
Email 4090,0,4.30876883777571e-25
Email 4091,1,1.0
Email 4092,0,4.842756062826224e-28
Email 4093,1,0.9999999993167421
Email 4094,0,1.8179969761474505e-58
Email 4095,0,4.30876883777571e-25
Email 4096,0,5.1661480673787515e-25
Email 4097,1,1.0
Email 4098,0,4.842756062826224e-28
Email 4099,1,0.9999992732050286
Email 4100,0,2.1697786589913084e-78
Email 4101,1,1.0
Email 4102,1,0.9999999578607239
Email 4103,0,2.1697786589913084e-78
Email 4104,1,0.9999985329932275
Email 4105,0,1.1250824508938457e-13
Email 4106,0,5.094287329182112e-31
Email 4107,0,1.3087963220164704e-38
Email 4108,0,1.1250824508938457e-13
Email 4109,0,9.746305857611532e-40
Email 4110,1,1.0
Email 4111,1,1.0
Email 4112,0,9.746305857611532e-40
Email 4113,1,0.9999996039439554
Email 4114,0,1.755964055093335e-16
Email 4115,1,1.0
Email 4116,0,1.755964055093335e-16
Email 4117,1,0.9999999986030161
Email 4118,1,0.9999999998699423
Email 4119,1,1.0
Email 4120,1,1.0
Email 4121,0,0.08458521694286741
Email 4122,0,8.582501480104198e-54
Email 4123,1,0.7920599090828164
Email 4124,1,1.0
Email 4125,0,6.05865803130327e-60
Email 4126,0,8.582501480104198e-54
Email 4127,1,1.0
Email 4128,1,1.0
Email 4129,0,6.05865803130327e-60
Email 4130,0,3.889142494993745e-11
Email 4131,0,3.889142494993745e-11
Email 4132,1,1.0
Email 4133,0,5.59830486887636e-09
Email 4134,0,5.59830486887636e-09
Email 4135,1,1.0
Email 4136,0,0.005746875346816412
Email 4137,1,1.0
Email 4138,0,1.3087963220164704e-38
Email 4139,0,6.208855447205315e-07
Email 4140,0,0.005746875346816412
Email 4141,0,6.208855447205315e-07
Email 4142,1,0.9999999999144507
Email 4143,0,0.08458521694286741
Email 4144,1,0.9999999999990905
Email 4145,0,1.7475186147925776e-24
Email 4146,0,8.944412291206175e-24
Email 4147,0,2.8202470134114667e-33
Email 4148,0,1.5194106430759012e-28
Email 4149,0,2.8202470134114667e-33
Email 4150,0,1.5194106430759012e-28
Email 4151,0,1.2210759053197282e-145
Email 4152,0,0.09375033125642289
Email 4153,0,1.2210759053197282e-145
Email 4154,0,7.611853288174668e-33
Email 4155,0,7.611853288174668e-33
Email 4156,0,5.991616596860818e-10
Email 4157,0,5.991616596860818e-10
Email 4158,0,1.071869783511626e-43
Email 4159,0,1.6074400429390493e-100
Email 4160,0,1.071869783511626e-43
Email 4161,0,0.049142292074319145
Email 4162,0,1.6074400429390493e-100
Email 4163,0,0.000404945313194718
Email 4164,0,0.0034188053938966827
Email 4165,0,1.5194106430759012e-28
Email 4166,0,0.17742298128447037
Email 4167,0,1.5194106430759012e-28
Email 4168,0,5.146032786346443e-291
Email 4169,0,1.4902902351781266e-30
Email 4170,0,5.146032786346443e-291
Email 4171,0,1.4902902351781266e-30
Email 4172,1,1.0
Email 4173,0,2.099620067067074e-86
Email 4174,0,5.987356468494077e-27
Email 4175,1,1.0
Email 4176,0,5.987356468494077e-27
Email 4177,0,2.099620067067074e-86
Email 4178,0,0.001788093501982802
Email 4179,0,0.01494233770248538
Email 4180,0,5.655622900919617e-48
Email 4181,0,5.655622900919617e-48
Email 4182,0,1.7907139759159004e-63
Email 4183,0,1.5194106430759012e-28
Email 4184,0,1.7907139759159004e-63
Email 4185,0,1.5194106430759012e-28
Email 4186,0,1.0026840070749523e-19
Email 4187,0,1.1117744769368704e-93
Email 4188,1,0.999514274253902
Email 4189,0,5.271427337657442e-06
Email 4190,1,1.0
Email 4191,0,8.677768694651333e-19
Email 4192,0,8.677768694651333e-19
Email 4193,1,0.9999999997330633
Email 4194,0,5.271427337657442e-06
Email 4195,0,1.1117744769368704e-93
Email 4196,1,1.0
Email 4197,1,0.9996435242485909
Email 4198,1,1.0
Email 4199,0,5.526629071435665e-56
Email 4200,0,1.5194106430759012e-28
Email 4201,1,1.0
Email 4202,0,5.526629071435665e-56
Email 4203,0,1.5194106430759012e-28
Email 4204,1,1.0
Email 4205,0,1.067089771556779e-265
Email 4206,0,1.067089771556779e-265
Email 4207,1,0.9999949742447242
Email 4208,1,1.0
Email 4209,0,8.010783014640787e-31
Email 4210,0,8.010783014640787e-31
Email 4211,1,0.9977189539451368
Email 4212,1,0.9999999998526619
Email 4213,1,0.9999999998526619
Email 4214,0,1.4619119541989786e-10
Email 4215,0,1.4619119541989786e-10
Email 4216,0,1.8176951893124353e-20
Email 4217,0,1.5194106430759012e-28
Email 4218,0,1.222601109773216e-43
Email 4219,0,1.8176951893124353e-20
Email 4220,0,1.5194106430759012e-28
Email 4221,1,1.0
Email 4222,1,1.0
Email 4223,0,2.3814502725735726e-06
Email 4224,1,0.9999999988167474
Email 4225,1,1.0
Email 4226,1,1.0
Email 4227,1,1.0
Email 4228,0,2.3814502725735726e-06
Email 4229,1,1.0
Email 4230,1,0.9865802174490014
Email 4231,0,1.9346902708685685e-51
Email 4232,0,5.604177550305781e-64
Email 4233,1,1.0
Email 4234,0,1.2893592356342137e-25
Email 4235,0,5.604177550305781e-64
Email 4236,0,1.5194106430759012e-28
Email 4237,0,1.5194106430759012e-28
Email 4238,1,0.9999997278710937
Email 4239,1,0.9999999297119782
Email 4240,0,4.98173261070687e-40
Email 4241,0,9.973427173532946e-19
Email 4242,1,0.9998176301047513
Email 4243,1,1.0
Email 4244,0,4.98173261070687e-40
Email 4245,0,9.973427173532946e-19
Email 4246,1,1.0
Email 4247,1,1.0
Email 4248,0,4.469838557213599e-90
Email 4249,1,0.9997253226186001
Email 4250,0,1.9574817570170107e-62
Email 4251,0,4.469838557213599e-90
Email 4252,1,1.0
Email 4253,0,2.674198823779851e-23
Email 4254,1,0.9717760044162038
Email 4255,0,1.1189318388830953e-65
Email 4256,0,2.7083500368773986e-22
Email 4257,0,9.286324480041964e-38
Email 4258,0,4.449094585697508e-24
Email 4259,0,0.04691662195555952
Email 4260,1,1.0
Email 4261,0,1.5194106430759012e-28
Email 4262,1,0.9999999986087005
Email 4263,0,8.46741412461858e-57
Email 4264,0,1.6648368469813312e-89
Email 4265,0,2.674198823779851e-23
Email 4266,1,1.0
Email 4267,0,0.0014694999837650067
Email 4268,0,1.669528906328788e-95
Email 4269,0,1.5194106430759012e-28
Email 4270,1,0.999999981382871
Email 4271,0,1.895069583764658e-60
Email 4272,0,7.22027285141082e-86
Email 4273,0,9.839346581017833e-35
Email 4274,0,9.588589088827194e-28
Email 4275,0,0.020953508488418367
Email 4276,0,1.4523528571146329e-55
Email 4277,1,1.0
Email 4278,0,1.5194106430759012e-28
Email 4279,0,1.6434039675023466e-37
Email 4280,1,0.9999999999042757
Email 4281,1,0.9461707116893827
Email 4282,0,6.4043838983259794e-161
Email 4283,1,1.0
Email 4284,1,1.0
Email 4285,0,1.0782080995923103e-101
Email 4286,1,0.9999982148988255
Email 4287,0,1.0997477927566134e-48
Email 4288,0,7.736501777317093e-51
Email 4289,1,1.0
Email 4290,0,8.897286720182745e-31
Email 4291,0,3.3204056675472595e-61
Email 4292,0,1.5017668579825465e-22
Email 4293,0,2.674198823779851e-23
Email 4294,0,7.266425378768765e-71
Email 4295,0,0.0
Email 4296,0,4.305937915721928e-201
Email 4297,0,2.871109672071644e-33
Email 4298,0,7.408229813140926e-08
Email 4299,1,1.0
Email 4300,0,1.1216498605167435e-20
Email 4301,0,1.5194106430759012e-28
Email 4302,0,9.32140449972035e-58
Email 4303,0,0.0
Email 4304,1,1.0
Email 4305,0,4.060903236068953e-47
Email 4306,1,1.0
Email 4307,0,4.805462288942749e-13
Email 4308,1,1.0
Email 4309,0,1.5194106430759012e-28
Email 4310,0,9.32140449972035e-58
Email 4311,0,2.0246259368255434e-35
Email 4312,0,3.1404325196847677e-19
Email 4313,1,0.999999999992724
Email 4314,1,1.0
Email 4315,0,1.7980677460956304e-32
Email 4316,0,2.4575295581021448e-14
Email 4317,1,0.9871202143510059
Email 4318,0,2.332276185751092e-170
Email 4319,0,5.094569722554949e-109
Email 4320,1,0.9999995567901424
Email 4321,1,1.0
Email 4322,0,0.020953508488418367
Email 4323,1,0.9999999879632925
Email 4324,0,1.9553063287081157e-57
Email 4325,0,1.3191421840364004e-49
Email 4326,1,0.9999883529636253
Email 4327,0,1.5194106430759012e-28
Email 4328,1,0.9999999950599658
Email 4329,0,0.0
Email 4330,0,0.0
Email 4331,0,3.3476578704531064e-07
Email 4332,0,1.3537176733105975e-21
Email 4333,0,7.366930188417446e-10
Email 4334,0,5.374798415681957e-38
Email 4335,0,4.420927896851002e-37
Email 4336,0,0.0009065537931624614
Email 4337,1,1.0
Email 4338,0,1.5194106430759012e-28
Email 4339,1,1.0
Email 4340,1,1.0
Email 4341,0,5.813288320990193e-149
Email 4342,1,0.999999999999261
Email 4343,0,9.150211105957957e-07
Email 4344,1,1.0
Email 4345,0,3.681245897761149e-38
Email 4346,0,2.4733663678948423e-17
Email 4347,0,4.839179266516935e-69
Email 4348,0,1.3403415000928414e-73
Email 4349,0,1.5194106430759012e-28
Email 4350,1,0.9999999999910187
Email 4351,0,3.562349878676468e-24
Email 4352,0,1.8288906780668731e-165
Email 4353,0,0.0003159761564108366
Email 4354,0,4.870639886449092e-58
Email 4355,1,1.0
Email 4356,1,1.0
Email 4357,0,1.2477653487937595e-36
Email 4358,0,5.992891432902735e-08
Email 4359,1,1.0
Email 4360,0,1.7020520707512028e-174
Email 4361,0,1.5194106430759012e-28
Email 4362,0,3.1019620229936427e-53
Email 4363,1,1.0
Email 4364,0,9.335321747404134e-58
Email 4365,0,6.321455240204244e-81
Email 4366,1,1.0
Email 4367,0,1.5629336857352688e-153
Email 4368,0,6.755106118987512e-221
Email 4369,0,4.74568074484853e-304
Email 4370,1,1.0
Email 4371,0,2.674198823779851e-23
Email 4372,0,5.951578585342175e-71
Email 4373,1,1.0
Email 4374,0,3.061728705334981e-61
Email 4375,0,2.831375195566484e-49
Email 4376,0,1.4727574916046126e-26
Email 4377,1,1.0
Email 4378,0,1.5194106430759012e-28
Email 4379,0,8.03455579668949e-27
Email 4380,1,1.0
Email 4381,0,9.087620521254061e-48
Email 4382,1,1.0
Email 4383,0,1.2177532401767956e-32
Email 4384,1,0.9988609587751187
Email 4385,1,0.9999999999395186
Email 4386,0,0.0
Email 4387,0,2.8210841910876436e-34
Email 4388,0,3.332253946887037e-30
Email 4389,1,1.0
Email 4390,0,1.2147600270201374e-28
Email 4391,0,2.6823901625570326e-220
Email 4392,1,1.0
Email 4393,0,2.7646752221433496e-219
Email 4394,1,1.0
Email 4395,0,3.3015279384378135e-250
Email 4396,0,7.795246287375759e-87
Email 4397,0,4.16315894e-315
Email 4398,0,2.6025488510217706e-30
Email 4399,0,8.897286720182745e-31
Email 4400,0,0.0
Email 4401,0,3.740965973677043e-17
Email 4402,0,0.0
Email 4403,1,1.0
Email 4404,0,0.0
Email 4405,1,0.9999999999245119
Email 4406,0,1.8233582334769445e-111
Email 4407,0,3.162995585330349e-43
Email 4408,0,4.1551213463347105e-41
Email 4409,0,3.959811048916088e-158
Email 4410,0,4.279645729913419e-62
Email 4411,0,0.35302829522351137
Email 4412,1,1.0
Email 4413,0,9.767591787798326e-10
Email 4414,1,1.0
Email 4415,0,1.950674516300887e-242
Email 4416,0,2.8648540509687553e-107
Email 4417,1,1.0
Email 4418,0,4.176876149395263e-31
Email 4419,1,1.0
Email 4420,1,0.9999997973455016
Email 4421,1,1.0
Email 4422,1,0.9999999987987849
Email 4423,0,3.106757544322135e-47
Email 4424,1,0.9999999999795364
Email 4425,0,0.0
Email 4426,0,8.897286720182745e-31
Email 4427,0,3.371281936112883e-54
Email 4428,1,1.0
Email 4429,0,0.0
Email 4430,1,1.0
Email 4431,0,3.206083565209842e-11
Email 4432,0,4.3765851659789574e-14
Email 4433,0,9.232905210932208e-27
Email 4434,0,8.118079363583269e-30
Email 4435,0,3.480561803531058e-90
Email 4436,0,8.052412561882631e-94
Email 4437,1,1.0
Email 4438,0,2.4073211406391496e-42
Email 4439,0,4.568592627521311e-12
Email 4440,0,1.0752940363831795e-52
Email 4441,1,1.0
Email 4442,1,1.0
Email 4443,0,6.1564588912759975e-65
Email 4444,0,2.1123101312321303e-60
Email 4445,0,2.3870579564491703e-60
Email 4446,1,1.0
Email 4447,0,9.232905210932208e-27
Email 4448,0,5.244326647760196e-46
Email 4449,0,0.0
Email 4450,1,0.9997747983163586
Email 4451,0,1.0626880086143153e-97
Email 4452,0,9.686443311049715e-30
Email 4453,1,0.9999862557709566
Email 4454,0,9.717165671462986e-36
Email 4455,1,1.0
Email 4456,1,1.0
Email 4457,0,9.232905210932208e-27
Email 4458,0,2.1181753449470888e-57
Email 4459,0,0.00013248130813955298
Email 4460,0,2.729872123271593e-274
Email 4461,0,8.391451360482502e-207
Email 4462,0,8.998494595804825e-129
Email 4463,1,1.0
Email 4464,1,0.9999999999936904
Email 4465,0,2.0085143456715037e-11
Email 4466,0,1.434258949368432e-34
Email 4467,1,1.0
Email 4468,0,6.595147143255453e-43
Email 4469,1,0.9999999999884039
Email 4470,1,0.9994624343995557
Email 4471,0,2.701373771429936e-153
Email 4472,1,1.0
Email 4473,1,1.0
Email 4474,0,9.232905210932208e-27
Email 4475,1,1.0
Email 4476,1,0.746503971266814
Email 4477,0,2.411944296250834e-49
Email 4478,1,1.0
Email 4479,1,0.9999999995035296
Email 4480,0,9.271549746420394e-252
Email 4481,0,0.029724556127284328
Email 4482,1,1.0
Email 4483,1,1.0
Email 4484,0,4.874450780126808e-19
Email 4485,1,1.0
Email 4486,1,1.0
Email 4487,1,1.0
Email 4488,0,4.65221411221787e-46
Email 4489,1,1.0
Email 4490,0,9.232905210932208e-27
Email 4491,0,3.385163472064772e-250
Email 4492,0,9.202534834627224e-30
Email 4493,1,1.0
Email 4494,0,6.3782042285492746e-24
Email 4495,0,1.0132150285426615e-21
Email 4496,0,3.361913339462558e-14
Email 4497,1,0.9999999999959073
Email 4498,0,9.232905210932208e-27
Email 4499,0,3.599493149202805e-18
Email 4500,1,0.9995047982763514
Email 4501,0,5.116353367897667e-54
Email 4502,0,1.118490174719845e-37
Email 4503,0,1.3526694593282594e-29
Email 4504,0,2.1910425159202136e-60
Email 4505,1,1.0
Email 4506,0,1.905046420866994e-105
Email 4507,0,8.221869161488475e-44
Email 4508,0,1.0670339681646309e-32
Email 4509,0,9.232905210932208e-27
Email 4510,1,1.0
Email 4511,0,1.5024935904061778e-51
Email 4512,0,1.0457031217414556e-35
Email 4513,1,1.0
Email 4514,0,3.470763806103178e-32
Email 4515,0,7.24327600493749e-20
Email 4516,0,1.5692428433547595e-37
Email 4517,1,0.9639124399809246
Email 4518,0,0.01499172141490813
Email 4519,1,0.9942071695001287
Email 4520,1,1.0
Email 4521,0,9.232905210932208e-27
Email 4522,0,1.3583357760028593e-27
Email 4523,0,2.0685517161022442e-132
Email 4524,1,1.0
Email 4525,0,5.4716506699403864e-257
Email 4526,0,4.6565056628332604e-204
Email 4527,0,2.049358927428545e-38
Email 4528,1,0.9999989372345189
Email 4529,1,0.9999973527008958
Email 4530,0,9.232905210932208e-27
Email 4531,0,6.0728209471111474e-24
Email 4532,1,1.0
Email 4533,0,2.697261227316041e-14
Email 4534,0,9.232905210932208e-27
Email 4535,0,1.206e-321
Email 4536,0,1.1e-322
Email 4537,1,1.0
Email 4538,0,4.556705365132168e-44
Email 4539,0,1.090077281985843e-84
Email 4540,0,9.232905210932208e-27
Email 4541,0,5.498817354050058e-21
Email 4542,0,5.698377643832866e-14
Email 4543,1,0.9956861248097005
Email 4544,0,9.232905210932208e-27
Email 4545,0,2.707553953045493e-147
Email 4546,0,1.2054465129168016e-13
Email 4547,1,1.0
Email 4548,1,1.0
Email 4549,0,9.750743831777323e-48
Email 4550,0,2.225696267681327e-61
Email 4551,1,0.9999999999940883
Email 4552,1,1.0
Email 4553,0,9.232905210932208e-27
Email 4554,1,1.0
Email 4555,0,1.629161594348994e-129
Email 4556,0,9.14768469248478e-51
Email 4557,0,2.030824592880335e-49
Email 4558,1,1.0
Email 4559,0,1.9518695449926487e-171
Email 4560,0,9.232905210932208e-27
Email 4561,0,1.6129678469177245e-124
Email 4562,1,1.0
Email 4563,0,6.126398960882823e-28
Email 4564,0,1.1776461639258409e-41
Email 4565,0,9.43821594669406e-63
Email 4566,1,1.0
Email 4567,0,9.232905210932208e-27
Email 4568,1,1.0
Email 4569,0,4.5832776132775335e-57
Email 4570,1,1.0
Email 4571,0,0.00010714320107759918
Email 4572,0,6.395877611170644e-39
Email 4573,0,5.968140688439996e-25
Email 4574,0,2.9888205620214264e-18
Email 4575,0,9.232905210932208e-27
Email 4576,1,0.9999999999777174
Email 4577,1,1.0
Email 4578,0,7.311442105645093e-83
Email 4579,0,2.473667225629097e-262
Email 4580,0,6.472329503115157e-20
Email 4581,0,1.7483629198206535e-12
Email 4582,0,1.4250728126214297e-22
Email 4583,0,7.674997580909472e-59
Email 4584,1,1.0
Email 4585,0,1.149171971959004e-122
Email 4586,0,1.3049550771687222e-56
Email 4587,0,3.7193850335820854e-63
Email 4588,0,9.232905210932208e-27
Email 4589,1,1.0
Email 4590,0,3.739167488497497e-93
Email 4591,0,1.0630116715636109e-42
Email 4592,0,2.1106562015884636e-31
Email 4593,0,4.928201296331662e-84
Email 4594,0,2.2721990588748543e-95
Email 4595,0,1.0055649322599439e-33
Email 4596,1,0.9999999860174286
Email 4597,0,0.10437955035510822
Email 4598,1,1.0
Email 4599,0,2.4596273444710264e-23
Email 4600,1,1.0
Email 4601,0,4.7260505175266044e-20
Email 4602,1,1.0
Email 4603,0,9.232905210932208e-27
Email 4604,0,6.074354202520839e-55
Email 4605,0,3.8418189729933625e-153
Email 4606,1,1.0
Email 4607,0,7.882074537528365e-197
Email 4608,0,3.078285031529307e-08
Email 4609,0,3.929647098971331e-18
Email 4610,0,9.294256187303451e-170
Email 4611,1,1.0
Email 4612,1,1.0
Email 4613,0,2.405677229809363e-156
Email 4614,0,6.147435860514476e-52
Email 4615,1,1.0
Email 4616,0,9.232905210932208e-27
Email 4617,0,1.816141489832318e-55
Email 4618,0,2.4880349285510484e-20
Email 4619,0,4.67089835162607e-24
Email 4620,1,1.0
Email 4621,0,2.674198823779851e-23
Email 4622,0,2.405106211137902e-50
Email 4623,0,7.065079682438936e-14
Email 4624,0,9.232905210932208e-27
Email 4625,0,4.396767987304268e-42
Email 4626,0,1.9784259657515043e-37
Email 4627,0,1.7425104136199379e-15
Email 4628,1,0.9838671025535036
Email 4629,1,0.9999924823628767
Email 4630,0,9.232905210932208e-27
Email 4631,0,3.2390808065396887e-162
Email 4632,0,1.2090523166873912e-202
Email 4633,0,7.784517394777949e-23
Email 4634,0,4.366313465882628e-06
Email 4635,0,6.402812870697206e-178
Email 4636,0,9.232905210932208e-27
Email 4637,1,1.0
Email 4638,0,3.65945306561794e-13
Email 4639,0,7.064720403387937e-28
Email 4640,0,3.3054609189074137e-31
Email 4641,0,1.6471470487286887e-09
Email 4642,1,0.999999999998181
Email 4643,1,1.0
Email 4644,0,7.896793627932066e-69
Email 4645,0,1.9171425593578074e-25
Email 4646,0,6.715173484661228e-32
Email 4647,1,1.0
Email 4648,0,7.15357289055071e-57
Email 4649,0,4.342809700105119e-42
Email 4650,0,4.029012555546909e-87
Email 4651,0,1.8822543757871617e-14
Email 4652,1,1.0
Email 4653,1,1.0
Email 4654,0,2.9140461012173115e-87
Email 4655,1,1.0
Email 4656,0,2.4967933221736304e-17
Email 4657,1,1.0
Email 4658,1,1.0
Email 4659,0,8.301774646753817e-05
Email 4660,0,1.547637235583811e-17
Email 4661,0,1.6101371154275889e-19
Email 4662,0,1.045886776720973e-21
Email 4663,1,0.9999953779754328
Email 4664,0,7.204902510862709e-78
Email 4665,1,1.0
Email 4666,1,0.9999999792980818
Email 4667,0,2.2191435030586913e-202
Email 4668,1,0.99999999977058
Email 4669,0,5.562799146912514e-133
Email 4670,0,0.0
Email 4671,0,2.3835505000668787e-06
Email 4672,0,9.238534728173669e-164
Email 4673,0,2.7345032253446696e-13
Email 4674,1,0.9989973309349105
Email 4675,1,0.9999999997203304
Email 4676,0,2.1991870261258638e-37
Email 4677,1,1.0
Email 4678,1,1.0
Email 4679,0,4.2276272620253706e-95
Email 4680,1,0.9999999973942977
Email 4681,0,1.0558782095128894e-28
Email 4682,0,5.393480363312148e-72
Email 4683,0,5.405422891529974e-58
Email 4684,0,7.262666804368045e-55
Email 4685,0,1.5673725777925905e-22
Email 4686,0,8.58671132684316e-46
Email 4687,1,1.0
Email 4688,0,0.0
Email 4689,1,1.0
Email 4690,0,6.485881210260085e-64
Email 4691,0,4.529860690989848e-124
Email 4692,0,9.862476150186754e-30
Email 4693,0,0.00679512067402441
Email 4694,1,0.995499909331874
Email 4695,0,4.339210315777927e-27
Email 4696,0,4.89847229648611e-14
Email 4697,1,1.0
Email 4698,1,1.0
Email 4699,0,2.698657682765045e-97
Email 4700,0,2.2454488644524003e-62
Email 4701,0,1.1861912943969739e-179
Email 4702,0,4.757954739911471e-69
Email 4703,0,1.425899261777353e-22
Email 4704,0,1.2209242966562464e-61
Email 4705,0,1.1885029314826781e-258
Email 4706,1,1.0
Email 4707,0,1.2864028281664743e-31
Email 4708,0,2.743157236111304e-22
Email 4709,1,0.9999999998435669
Email 4710,0,6.24740024520443e-20
Email 4711,0,1.139789608340478e-115
Email 4712,1,0.9970691272508225
Email 4713,0,2.6482719955531499e-169
Email 4714,1,1.0
Email 4715,1,0.9999999999990905
Email 4716,0,6.599304085744916e-131
Email 4717,0,2.192860554602803e-115
Email 4718,1,1.0
Email 4719,0,1.0449365589907275e-21
Email 4720,1,1.0
Email 4721,0,4.5667201608559764e-10
Email 4722,1,0.9999998619314379
Email 4723,0,2.089251124618818e-223
Email 4724,1,1.0
Email 4725,1,1.0
Email 4726,0,3.3038198075209006e-90
Email 4727,1,0.9999999999322426
Email 4728,0,2.5782060947546504e-19
Email 4729,0,2.513300394003184e-52
Email 4730,0,3.0059610877208625e-07
Email 4731,1,1.0
Email 4732,0,7.186406102560948e-65
Email 4733,1,1.0
Email 4734,0,8.215775557514256e-10
Email 4735,1,1.0
Email 4736,0,7.06332439012381e-32
Email 4737,1,1.0
Email 4738,0,1.8293243896365742e-69
Email 4739,0,5.62660892959136e-08
Email 4740,1,1.0
Email 4741,1,1.0
Email 4742,0,8.028318900481701e-44
Email 4743,1,1.0
Email 4744,0,6.585367166722136e-133
Email 4745,1,0.9991391640952177
Email 4746,1,0.9999999974716047
Email 4747,0,3.387578434436896e-07
Email 4748,0,5.703467905642279e-64
Email 4749,1,1.0
Email 4750,0,0.0
Email 4751,1,1.0
Email 4752,0,7.059761487041844e-09
Email 4753,0,7.059761487041844e-09
Email 4754,1,1.0
Email 4755,1,0.9999992923465245
Email 4756,0,3.40437541748584e-44
Email 4757,0,1.90429193705393e-15
Email 4758,0,2.1650906948385833e-142
Email 4759,0,0.012420582883629004
Email 4760,0,1.0301232373795908e-11
Email 4761,0,4.394117366484454e-06
Email 4762,0,0.15000382691063155
Email 4763,0,2.0598240680357065e-78
Email 4764,1,0.9975436227357978
Email 4765,0,7.755368994327019e-25
Email 4766,1,1.0
Email 4767,0,1.301769750157399e-69
Email 4768,0,2.267693272194412e-19
Email 4769,1,0.9878624636034927
Email 4770,0,4.8738954152782075e-45
Email 4771,1,0.9982400974487909
Email 4772,0,1.201518008611355e-87
Email 4773,0,2.5922429532570353e-46
Email 4774,1,1.0
Email 4775,0,3.121681778903056e-29
Email 4776,0,7.054314903670286e-125
Email 4777,1,1.0
Email 4778,1,1.0
Email 4779,0,3.257728057765448e-12
Email 4780,1,1.0
Email 4781,0,1.2787947755692786e-60
Email 4782,0,6.112381642156192e-61
Email 4783,0,0.00027819145366190064
Email 4784,0,6.474789971128262e-16
Email 4785,0,0.000952278256243267
Email 4786,0,1.9130605481330485e-115
Email 4787,1,1.0
Email 4788,0,2.6803688814627614e-211
Email 4789,0,1.100597545302007e-11
Email 4790,1,1.0
Email 4791,0,1.3538106123744382e-29
Email 4792,1,1.0
Email 4793,0,2.937070985226987e-240
Email 4794,1,1.0
Email 4795,0,1.597872876539582e-18
Email 4796,1,1.0
Email 4797,1,0.9999999929827936
Email 4798,0,1.5346779616301505e-23
Email 4799,1,1.0
Email 4800,0,3.200047031642892e-82
Email 4801,0,4.067380118120765e-159
Email 4802,0,8.750131282888593e-142
Email 4803,1,1.0
Email 4804,0,2.2676641371825896e-37
Email 4805,0,8.797223072981418e-173
Email 4806,1,1.0
Email 4807,0,3.5492482065483e-17
Email 4808,1,1.0
Email 4809,0,2.8576361395368314e-41
Email 4810,0,0.31207362961527635
Email 4811,0,1.8538670009095737e-21
Email 4812,0,1.0575842874789457e-209
Email 4813,1,1.0
Email 4814,0,2.5449407729838585e-41
Email 4815,1,0.8595865819021489
Email 4816,0,4.409168557435895e-25
Email 4817,0,7.02535437856347e-08
Email 4818,1,1.0
Email 4819,0,1.1481336107838207e-10
Email 4820,0,0.013286204384416741
Email 4821,0,2.2056648011122524e-82
Email 4822,1,1.0
Email 4823,0,1.7828372956205793e-99
Email 4824,1,1.0
Email 4825,0,0.0
Email 4826,0,3.0088439491683485e-157
Email 4827,1,0.9999999999431566
Email 4828,0,1.021261309589013e-177
Email 4829,0,2.0556646319706747e-132
Email 4830,0,6.971600085303783e-29
Email 4831,0,4.13330068376126e-56
Email 4832,0,2.0582306764499327e-12
Email 4833,1,1.0
Email 4834,1,1.0
Email 4835,0,2.0352406546949184e-145
Email 4836,0,5.06860572259809e-109
Email 4837,0,3.13916290247525e-49
Email 4838,1,1.0
Email 4839,0,8.162012839380081e-23
Email 4840,0,5.302488789432819e-41
Email 4841,1,1.0
Email 4842,0,2.0223794113125444e-34
Email 4843,1,1.0
Email 4844,0,9.679434461655285e-231
Email 4845,1,1.0
Email 4846,0,4.316971272913789e-09
Email 4847,0,0.1267006727943267
Email 4848,1,1.0
Email 4849,1,1.0
Email 4850,1,1.0
Email 4851,0,6.469569071218083e-13
Email 4852,0,5.397797628381778e-13
Email 4853,0,0.42192687864852374
Email 4854,1,1.0
Email 4855,0,1.2975855793197674e-22
Email 4856,1,0.9872043746281527
Email 4857,0,4.039346903686422e-32
Email 4858,0,0.0008431852759593773
Email 4859,1,1.0
Email 4860,0,6.25580334981962e-11
Email 4861,0,3.635925387423122e-74
Email 4862,1,1.0
Email 4863,0,3.0664148314420152e-24
Email 4864,1,1.0
Email 4865,0,3.409266069393816e-05
Email 4866,1,0.9999999999427018
Email 4867,0,1.9399750082231363e-17
Email 4868,0,3.092762625629108e-18
Email 4869,0,0.03367914080049683
Email 4870,1,0.9999993580047217
Email 4871,0,1.6684564292240917e-40
Email 4872,1,1.0
Email 4873,0,3.2387304958288354e-26
Email 4874,0,1.3004729175793214e-15
Email 4875,0,1.1767113575820698e-15
Email 4876,1,1.0
Email 4877,1,1.0
Email 4878,0,0.029724556127284328
Email 4879,0,3.312934158002014e-72
Email 4880,0,3.0348239801439456e-84
Email 4881,1,1.0
Email 4882,1,1.0
Email 4883,0,1.2321963482582652e-58
Email 4884,0,4.5271438018886015e-40
Email 4885,1,0.9999999998944986
Email 4886,0,1.6451690707917234e-107
Email 4887,1,1.0
Email 4888,0,0.00033404776642910277
Email 4889,0,3.0230540419244795e-30
Email 4890,1,1.0
Email 4891,1,1.0
Email 4892,0,3.769279024174881e-16
Email 4893,0,8.424013623150071e-44
Email 4894,1,1.0
Email 4895,0,4.113338111874884e-41
Email 4896,0,0.02110919006828374
Email 4897,0,4.4173706068548706e-10
Email 4898,1,0.9999985943757894
Email 4899,1,1.0
Email 4900,0,2.1226385806442085e-48
Email 4901,1,0.996906525036351
Email 4902,0,2.1899854700748123e-66
Email 4903,0,2.0563926853659676e-41
Email 4904,1,1.0
Email 4905,0,9.785493027968068e-05
Email 4906,1,0.9942206632645427
Email 4907,1,0.9999999999977263
Email 4908,0,0.10404815072378974
Email 4909,1,0.9789679533917071
Email 4910,1,0.8378665657232925
Email 4911,0,0.15391416405262076
Email 4912,0,8.706784525113426e-144
Email 4913,1,0.9999999999990905
Email 4914,0,6.41036351856915e-36
Email 4915,0,0.00045540887269342846
Email 4916,0,1.3761693990750012e-11
Email 4917,1,1.0
Email 4918,0,5.751584130043592e-207
Email 4919,0,1.8276240257102739e-10
Email 4920,0,4.1577582798636875e-66
Email 4921,0,2.3230403133024023e-23
Email 4922,1,1.0
Email 4923,0,2.856121476940462e-34
Email 4924,1,1.0
Email 4925,0,4.112007940029736e-81
Email 4926,0,7.303197644705408e-14
Email 4927,0,1.7037871551737082e-38
Email 4928,0,2.217626939527936e-06
Email 4929,0,2.5204836184242652e-46
Email 4930,0,4.0414532050412123e-13
Email 4931,1,1.0
Email 4932,1,1.0
Email 4933,1,1.0
Email 4934,0,1.8993073249511224e-26
Email 4935,1,1.0
Email 4936,0,1.3422950796248006e-08
Email 4937,0,1.2483390130623014e-16
Email 4938,1,0.9999999924139047
Email 4939,1,1.0
Email 4940,1,1.0
Email 4941,0,1.0328942972912753e-10
Email 4942,0,1.90614272603537e-23
Email 4943,1,1.0
Email 4944,1,1.0
Email 4945,0,1.6821972804519724e-23
Email 4946,1,0.9999833147640421
Email 4947,1,1.0
Email 4948,0,1.8292344534997248e-23
Email 4949,0,3.3123542190143057e-25
Email 4950,0,7.089944496160151e-96
Email 4951,0,2.158981270666394e-92
Email 4952,1,0.9999999999990905
Email 4953,0,0.0039961842581722
Email 4954,0,2.2734856345004578e-60
Email 4955,1,1.0
Email 4956,0,2.456515370205849e-24
Email 4957,0,0.031602400330803415
Email 4958,1,1.0
Email 4959,0,2.896086754277431e-08
Email 4960,0,1.581291867458508e-17
Email 4961,1,1.0
Email 4962,0,1.3089247327569826e-15
Email 4963,0,8.45382300981842e-241
Email 4964,1,1.0
Email 4965,0,6.643384081664283e-41
Email 4966,0,1.1082989557774073e-12
Email 4967,0,9.62980962441151e-90
Email 4968,0,4.624054954028964e-48
Email 4969,1,0.999999999994543
Email 4970,0,0.0
Email 4971,1,1.0
Email 4972,0,1.5584200012471432e-22
Email 4973,1,1.0
Email 4974,0,2.12817476293437e-206
Email 4975,0,1.4193929653520239e-226
Email 4976,0,2.9831442787480557e-171
Email 4977,1,0.9981854218582322
Email 4978,1,1.0
Email 4979,1,1.0
Email 4980,0,3.676473168697186e-12
Email 4981,0,1.5836503507457866e-66
Email 4982,0,4.412292175897773e-33
Email 4983,0,6.453483553202067e-121
Email 4984,1,1.0
Email 4985,1,1.0
Email 4986,0,4.972567466231327e-104
Email 4987,0,9.885049879452025e-77
Email 4988,1,1.0
Email 4989,0,4.574740906356574e-37
Email 4990,1,1.0
Email 4991,1,0.9999999999990905
Email 4992,0,5.5164917454814155e-68
Email 4993,1,1.0
Email 4994,1,1.0
Email 4995,0,2.849127939850595e-51
Email 4996,0,4.959267132787073e-75
Email 4997,0,0.30664054857930956
Email 4998,0,9.014691745976786e-06
Email 4999,0,1.6101834117927823e-57
Email 5000,0,4.559155623356468e-101
Email 5001,0,1.3074554149059367e-18
Email 5002,0,0.027213071557665742
Email 5003,0,2.536821965910865e-22
Email 5004,1,1.0
Email 5005,0,1.954932024505198e-44
Email 5006,1,1.0
Email 5007,1,0.9999999959300112
Email 5008,0,2.772370988744359e-35
Email 5009,1,1.0
Email 5010,0,7.521860674636457e-35
Email 5011,0,0.0011266021335349812
Email 5012,1,1.0
Email 5013,0,2.2871527498264997e-42
Email 5014,1,1.0
Email 5015,1,0.9040269528191089
Email 5016,0,1.986897013561915e-11
Email 5017,0,9.880601647626467e-53
Email 5018,1,0.99999999815725
Email 5019,0,1.2399228165035905e-119
Email 5020,1,0.9999999996091447
Email 5021,0,5.604062705272399e-31
Email 5022,0,7.600013653899003e-18
Email 5023,1,1.0
Email 5024,0,3.3357672233965955e-53
Email 5025,0,4.4810039929914035e-145
Email 5026,0,1.0231368822413642e-67
Email 5027,0,1.253426044369922e-54
Email 5028,1,1.0
Email 5029,0,1.765264419628598e-133
Email 5030,0,2.939250440996385e-61
Email 5031,1,1.0
Email 5032,1,0.9999999181478676
Email 5033,0,2.5681154701304453e-36
Email 5034,0,4.588201632252063e-59
Email 5035,0,7.100748274880843e-180
Email 5036,1,1.0
Email 5037,0,3.0780837685307346e-174
Email 5038,0,1.2926549552909766e-16
Email 5039,1,0.9999981223745072
Email 5040,0,1.8250277286684816e-12
Email 5041,0,4.956910395736161e-21
Email 5042,0,0.034306116504714976
Email 5043,0,7.497579232508117e-192
Email 5044,0,0.00019068799505027266
Email 5045,1,1.0
Email 5046,0,8.372741790798443e-43
Email 5047,0,2.7257621463888174e-30
Email 5048,1,0.9999751551898503
Email 5049,1,1.0
Email 5050,1,1.0
Email 5051,1,1.0
Email 5052,1,1.0
Email 5053,0,1.2119110767982122e-167
Email 5054,0,1.7374044635009175e-20
Email 5055,1,1.0
Email 5056,0,0.005312844133030508
Email 5057,1,0.9999999955202838
Email 5058,1,1.0
Email 5059,1,1.0
Email 5060,1,1.0
Email 5061,1,1.0
Email 5062,1,0.9992898008423543
Email 5063,0,9.99854995297348e-48
Email 5064,0,1.2459482960968386e-31
Email 5065,0,4.490295070902676e-45
Email 5066,1,0.9999998930778758
Email 5067,0,3.936013137393224e-13
Email 5068,1,1.0
Email 5069,0,0.1551364784383164
Email 5070,0,0.007597386742074286
Email 5071,1,0.999999988437594
Email 5072,0,0.1185575341316356
Email 5073,0,1.6577422568273718e-68
Email 5074,0,9.253948016270382e-105
Email 5075,0,6.701858706647613e-28
Email 5076,0,0.058481723941534565
Email 5077,0,3.4608621355755116e-10
Email 5078,0,2.595191689427615e-31
Email 5079,1,1.0
Email 5080,0,4.456226345921586e-151
Email 5081,1,0.9989894121794626
Email 5082,0,3.6326892530988994e-44
Email 5083,1,1.0
Email 5084,0,4.213107315351008e-39
Email 5085,0,2.0740123955915785e-20
Email 5086,0,1.6833735847600475e-227
Email 5087,1,0.9999999538497388
Email 5088,0,2.1407222643996987e-145
Email 5089,1,1.0
Email 5090,1,0.9999998930778758
Email 5091,0,8.302233468080187e-06
Email 5092,0,6.716213164528477e-20
Email 5093,0,4.525222146513393e-186
Email 5094,0,1.5083979162903e-53
Email 5095,1,1.0
Email 5096,1,1.0
Email 5097,0,1.5218460171137673e-85
Email 5098,0,9.043449593467866e-24
Email 5099,1,1.0
Email 5100,0,0.0013432163888669948
Email 5101,1,1.0
Email 5102,0,2.2972497582925657e-07
Email 5103,1,0.9998779936327574
Email 5104,0,5.959579002924581e-25
Email 5105,0,0.3258313506007214
Email 5106,0,6.735417466182782e-16
Email 5107,1,1.0
Email 5108,0,0.0005492399429802525
Email 5109,0,3.0907090908867136e-59
Email 5110,1,1.0
Email 5111,0,1.05498965703577e-13
Email 5112,1,1.0
Email 5113,0,1.9203501073915626e-37
Email 5114,0,1.046017551733094e-65
Email 5115,1,1.0
Email 5116,0,3.280755784158107e-66
Email 5117,0,2.8143620990801004e-11
Email 5118,0,6.046811885044586e-64
Email 5119,1,1.0
Email 5120,0,3.823475889003603e-158
Email 5121,0,1.0692456173987982e-93
Email 5122,0,8.675947996267911e-119
Email 5123,1,0.9999999849542293
Email 5124,0,1.5025405406995724e-75
Email 5125,0,2.324978436629855e-40
Email 5126,0,1.1499763796439297e-66
Email 5127,0,1.299122150032667e-208
Email 5128,1,1.0
Email 5129,0,1.2659164945327538e-15
Email 5130,1,0.9999999987576302
Email 5131,0,1.922054199203381e-18
Email 5132,1,1.0
Email 5133,0,2.3370877557182036e-73
Email 5134,0,1.4087196855948935e-57
Email 5135,0,1.0275072965254119e-08
Email 5136,1,1.0
Email 5137,0,4.883400042973281e-23
Email 5138,1,1.0
Email 5139,0,1.0231356339601786e-80
Email 5140,0,2.0150912548487226e-113
Email 5141,0,5.816039303457344e-165
Email 5142,0,3.195319810983265e-60
Email 5143,1,0.9999998895605192
Email 5144,0,1.0118535581234003e-56
Email 5145,1,0.9999995334611591
Email 5146,0,7.4453514233924685e-47
Email 5147,0,1.4716884325127367e-07
Email 5148,0,8.356062753099682e-105
Email 5149,0,2.0286673620506568e-22
Email 5150,0,6.411416590249107e-83
Email 5151,0,2.788235127981241e-119
Email 5152,0,9.072361245469962e-28
Email 5153,0,0.00557699356417133
Email 5154,1,1.0
Email 5155,1,1.0
Email 5156,0,4.260234692613073e-36
Email 5157,1,1.0
Email 5158,0,2.9205644617378782e-86
Email 5159,0,1.1478671645468607e-25
Email 5160,1,1.0
Email 5161,0,8.645657959661856e-59
Email 5162,0,1.6420636527632956e-45
Email 5163,1,1.0
Email 5164,1,0.9999988190687229
Email 5165,0,2.6617440156251588e-95
Email 5166,0,7.906386364631558e-11
Email 5167,0,0.431989601667617
Email 5168,0,1.4711395255345773e-32
Email 5169,0,4.1889091359616584e-103
Email 5170,1,0.999661903078955
Email 5171,1,1.0
Email 5172,0,1.8737103447721384e-139
